MA_THUONG_HIEU,TEN_THUONG_HIEU
BRD0001,Caremore
BRD0002,Polar Bear
BRD0003,Chưa xác định
BRD0004,Izana
BRD0005,Kliin
BRD0006,Snowee
BRD0007,Chistolyub
BRD0008,Fluffly
BRD0009,Scents
BRD0010,C'lin
BRD0011,Viking
BRD0012,KRASNAYA
BRD0013,FARA
BRD0014,DEROSH
BRD0015,Tsubaki
BRD0016,Pharmaact
BRD0017,Salon Link
BRD0018,Reihaku
BRD0019,Hatomugi
BRD0020,Dạ Lan
BRD0021,Aroma
BRD0022,SPECIAL
BRD0023,Senso
BRD0024,Deko
BRD0025,Sloboda
BRD0026,Yantar
BRD0027,Venets
BRD0028,EFKO
BRD0029,BLAGO
BRD0030,Hải Việt
BRD0031,Hải Châu (Gia vị)
BRD0032,Đồng Xuân
BRD0033,OSA
BRD0034,TapTap
BRD0035,Vinafoot
BRD0036,Vismor
BRD0037,Royal Queen
BRD0038,PRINCESS NOORI
BRD0039,GLAVPRODUCT
BRD0040,Vilitas
BRD0041,Varella
BRD0042,Toàn Phát
BRD0043,Cụ Cử Thâm
BRD0044,Lifes Nest
BRD0045,Nutrilifes
BRD0046,Trung Kiên
BRD0047,Hachacorp
BRD0048,Smor
BRD0049,Rossy
BRD0050,Linh An
BRD0051,Mẹ yêu
BRD0052,On1
BRD0053,Tacha
BRD0054,Urozhainoe
BRD0055,ZOLOTOI
BRD0056,Meta
BRD0057,Abipha
BRD0058,Oscare
BRD0059,Maslen
BRD0060,GAU
BRD0061,Mộc Bảo
BRD0062,ABS
BRD0063,Agricom
BRD0064,Doshi
BRD0065,VGpro
BRD0066,Xinda
BRD0067,GIK
BRD0068,Vạn An
BRD0069,Gia An
BRD0070,Rosilian
BRD0071,Tsar
BRD0072,MOSKOVSKOE
BRD0073,Khlebny
BRD0074,An Mộc
BRD0075,Deli
BRD0076,Libegreen
BRD0077,Kai
BRD0078,Tam thái tử
BRD0079,Phúc Lôc
BRD0080,Elvan Today
BRD0081,Lambertz
BRD0082,Belgi
BRD0083,Chewy
BRD0084,Santa
BRD0085,Dollya
BRD0086,Max Toffee
BRD0087,Gift
BRD0088,Raisins
BRD0089,Parkur
BRD0090,Minh Châu
BRD0091,Akbar
BRD0092,Tess
BRD0093,Monte Christo
BRD0094,Viento Norte
BRD0095,Wake Up
BRD0096,VinaCafe
BRD0097,Kim Anh
BRD0098,LE FLIRT DU PROVENCE
BRD0099,Ogatic
BRD0100,C2
BRD0101,Rồng đỏ
BRD0102,Biển bạc
BRD0103,L'evinia
BRD0104,Dobavkin
BRD0105,Tân Cương
BRD0106,Phan Thiết
BRD0107,FB
BRD0108,FUWA
BRD0109,Deve
BRD0110,ENJOY AWA
BRD0111,Saralie
BRD0112,Deary
BRD0113,Iubileynaya
BRD0114,Thanh Tâm
BRD0115,Hạc Linh
BRD0116,Cọ
BRD0117,FUTO
BRD0118,MANUKA
BRD0119,KUMANO
BRD0120,ALOHA
BRD0121,Arnott's
BRD0122,CHALLOT
BRD0123,An Khang
BRD0124,Aros
BRD0125,Bluebell
BRD0126,FIFA
BRD0127,Rito
BRD0128,Lu
BRD0129,Sun and Moon
BRD0130,Vodka
BRD0131,AquaX
BRD0132,Gấu
BRD0133,Cao Nguyên
BRD0134,Tất Niên
BRD0135,Protea
BRD0136,Kim Cương
BRD0137,Altero
BRD0138,Solnechnyy
BRD0139,Kuban
BRD0140,Zabava
BRD0141,Zlatozhar
BRD0142,Phan Thiết Biển Bạc
BRD0143,BIC
BRD0144,Knorr
BRD0145,Ông Bếp
BRD0146,Richy
BRD0147,Hải Hà
BRD0148,Signature
BRD0149,Aura
BRD0150,GRANNY'S
BRD0151,Russkaya
BRD0152,Kuzya Lakomkin
BRD0153,Manuka Watson&Son
BRD0154,A+ Lactic
BRD0155,B-Tee
BRD0156,Bảo Minh
BRD0157,Yuca
BRD0158,Dynamite
BRD0159,Cream
BRD0160,Dynamyte
BRD0161,Wai
BRD0162,Blue Fighting
BRD0163,Four Cows
BRD0164,Malaymilk
BRD0165,5 Stars
BRD0166,Family Budget
BRD0167,Stolychnaya
BRD0168,Princess
BRD0169,SingKakao
BRD0170,Oprima
BRD0171,Alo
BRD0172,Legif
BRD0173,Polar
BRD0174,Okay
BRD0175,KingLed
BRD0176,Grafika
BRD0177,Manever
BRD0178,Ajnomoto
BRD0179,Biên Hòa
BRD0180,Kinh Đô
BRD0181,Fandes
BRD0182,Jute
BRD0183,Lambic
BRD0184,Monza
BRD0185,Oreo
BRD0186,Saturn
BRD0187,Tràng An
BRD0188,Cosy
BRD0189,Petrovsky
BRD0190,Orel & Reshka
BRD0191,Descubridores
BRD0192,Cadahill
BRD0193,Guardia Dei Mori
BRD0194,Johnnie Walker
BRD0195,Chivas
BRD0196,Basilur
BRD0197,Lavoten
BRD0198,Vina Café
BRD0199,Johnnie
BRD0200,Chalot
BRD0201,De Cibo
BRD0202,Chinsu
BRD0203,Carte d’Or Bordeaux
BRD0204,Capo Zafferano
BRD0205,Ông Táo
BRD0206,Cracker
BRD0207,Chew
BRD0208,Kobbe
BRD0209,Levant
BRD0210,Eudora
BRD0211,King Henry
BRD0212,Siam
BRD0213,Vanish
BRD0214,Milstar
BRD0215,GAIA
BRD0216,Boyce
BRD0217,Gary
BRD0218,Jacob Jensen
BRD0219,Folio
BRD0220,Feeling
BRD0221,Rise
BRD0222,Alku
BRD0223,Mini Pearl
BRD0224,Rocket
BRD0225,BEAUA
BRD0226,High sofer
BRD0227,DEO
BRD0228,Baking soda
BRD0229,PIX
BRD0230,Range Pal
BRD0231,AROMA PURE
BRD0232,high softer
BRD0233,P/S
BRD0234,VIM
BRD0235,CLEAR
BRD0236,SUNLIGHT
BRD0237,OMO
BRD0238,COMFORT
BRD0239,SURF
BRD0240,SUNSILK
BRD0241,SAKURA
BRD0242,HASOKU
BRD0243,KAZOKU
BRD0244,KEA
BRD0245,Power O+
BRD0246,Haso
BRD0247,Future H
BRD0248,NASU
BRD0249,Vinamilk
BRD0250,Ngôi Sao Phương Nam
BRD0251,Ông Thọ
BRD0252,Vfresh
BRD0253,Vietsugar
BRD0254,OLITA
BRD0255,Tường An
BRD0256,Maika
BRD0257,OVALTINE
BRD0258,Nước mắm Cửa Lò
BRD0259,Mama&baby
BRD0260,Nam Đàn
BRD0261,Phù Sa
BRD0262,Làng Ta
BRD0263,Hương Việt
BRD0264,Nuffam
BRD0265,PROCOOK
BRD0266,Sunnee
BRD0267,Colgate
BRD0268,KIMI
BRD0269,Miwon
BRD0270,Ashimi
BRD0271,Đầu Bếp Tôm
BRD0272,Cốt Nhĩ Tôm
BRD0273,Tayaki
BRD0274,HC
BRD0275,D-SHINING
BRD0276,Cái Lân
BRD0277,Omachi
BRD0278,Big 1
BRD0279,Tamado
BRD0280,Thái Dương
BRD0281,Foodeli
BRD0282,Roket
BRD0283,Violeaf
BRD0284,Valentine
BRD0285,Aladin
BRD0286,Happy gan
BRD0287,Hoa nhũ khang
BRD0288,Vina
BRD0289,Búp Ngọc
BRD0290,Tây Thi
BRD0291,Gót sen
BRD0292,Kovir
BRD0293,MANUP
BRD0294,Nature Queen
BRD0295,Nobel
BRD0296,Quý phi
BRD0297,VinaGout
BRD0298,Trung ca
BRD0299,Bách Niên
BRD0300,Cây Đa
BRD0301,Vinaho
BRD0302,Táo Quân
BRD0303,Lifebuoy
BRD0304,Miyuki
BRD0305,LIX
BRD0306,Vidan
BRD0307,DOVE
BRD0308,X-MEN
BRD0309,IRON & STONE INNOVATION
BRD0310,Nguyên Xuân
BRD0311,Royal
BRD0312,TOSMEDY
BRD0313,WASH &GO
BRD0314,Grasse
BRD0315,Palmolive
BRD0316,La Cabine
BRD0317,OLIVE
BRD0318,Elastine silk
BRD0319,Double rich
BRD0320,Diane
BRD0321,TRESEMME
BRD0322,KX PHUC HOI
BRD0323,X320G
BRD0324,Sendai
BRD0325,CIF
BRD0326,PRONANO
BRD0327,MTB
BRD0328,Dạ Hương
BRD0329,Astonish
BRD0330,SWAT
BRD0331,Hazeline
BRD0332,Ponds
BRD0333,ISK
BRD0334,Bioré
BRD0335,BEBEKEEUM
BRD0336,999
BRD0337,Mosfly
BRD0338,ARS
BRD0339,CLOSE UP
BRD0340,Ngọc Châu
BRD0341,2080
BRD0342,Thiên Tân
BRD0343,Boshido
BRD0344,KiiroHana
BRD0345,Power
BRD0346,Mộc Tâm Anh
BRD0347,Best Disk
BRD0348,Siêu sạch
BRD0349,Sami
BRD0350,Bani
BRD0351,Zoley
BRD0352,DMAX
BRD0353,Kleen
BRD0354,Fresh & Soft
BRD0355,LUX
BRD0356,Ngọc Thảo
BRD0357,TH TRUE MILK
BRD0358,Dalat milk
BRD0359,TH true YOGURT
BRD0360,TH TOPKID
BRD0361,TH TRUE NUT
BRD0362,TH TRUE Cheese
BRD0363,TH TRUE Mistori
BRD0364,TH TRUE OAT
BRD0365,TH TRUE WATER
BRD0366,TH TRUE Juice
BRD0367,TH TRUE Rice
BRD0368,TH TRUE Juice milk
BRD0369,TH TRUE TEA
BRD0370,TH TRUE Herbal
BRD0371,Dielac
BRD0372,Optimum
BRD0373,Ridielac
BRD0374,Pedia
BRD0375,Dạ Minh Châu
BRD0376,Satelite
BRD0377,TH
BRD0378,Vedan
BRD0379,Chin-Su
BRD0380,Mùa vụ
BRD0381,AJINOMOTO
BRD0382,Orchid
BRD0383,TL Daily
BRD0384,Nhất Ca
BRD0385,Mirinda
BRD0386,Pepsi
BRD0387,Sài Gòn
BRD0388,Tiger
BRD0389,Heineken
BRD0390,Olong
BRD0391,Nam Ngư
BRD0392,Sting
BRD0393,Kokomi
BRD0394,Yên Thủy
BRD0395,Simly
BRD0396,Redbull
BRD0397,7UP
BRD0398,Sanest
BRD0399,Dr Thanh
BRD0400,Coca-cola
BRD0401,Kubanochka
BRD0402,Qui Nhơn
BRD0403,Simply
BRD0404,Phú Khương
BRD0405,CaloSure
BRD0406,NETOMEGA
BRD0407,Nest
BRD0408,Ponnie
BRD0409,COBA
BRD0410,Fanta
BRD0411,Nutriboost
BRD0412,Samurai
BRD0413,Teppy
BRD0414,Baniphar
BRD0415,Fuji
BRD0416,Panworld
BRD0417,Ngọc Thắng
BRD0418,Dalatmilk
BRD0419,TH TRUE
BRD0420,AMUR PEARL
BRD0421,Lipton
BRD0422,Bà Hai
BRD0423,Tiara
BRD0424,Ajingon
BRD0425,Ba miền
BRD0426,Number One
BRD0427,AQUAFINA
BRD0428,Vĩnh Hảo
BRD0429,Gillette
BRD0430,Freda
BRD0431,Goldfry
BRD0432,Vân Đồn
BRD0433,Phú Trang
BRD0434,Bếp Vàng
BRD0435,Ranee
BRD0436,An Việt
BRD0437,Huda
BRD0438,Hà Nội
BRD0439,Beck's ice
BRD0440,Blood care
BRD0441,Soggi
BRD0442,Món ngon
BRD0443,Bravita
BRD0444,Marvela
BRD0445,Zateya
BRD0446,Barbiebatman
BRD0447,Happi
BRD0448,Janbee
BRD0449,Kico
BRD0450,Meizan
BRD0451,Neptune
BRD0452,Sunny Crown
BRD0453,Nhiên Thảo
BRD0454,Làng An
BRD0455,SALA Song Thọ
BRD0456,Xu Vàng
BRD0457,Mamrukovskoe
BRD0458,Vita
BRD0459,Good mood
BRD0460,Phú Sĩ
BRD0461,TIDUANKI
BRD0462,STRONG FAMILY
BRD0463,LOVELADY
BRD0464,CHOLESTIMA
BRD0465,Lâm Xuân
BRD0466,Cholimex
BRD0467,Hồng Đức
BRD0468,Thanh Hoa
BRD0469,HKC
BRD0470,Jestic
BRD0471,Orito
BRD0472,Famos
BRD0473,Gold Daisy
BRD0474,Nàng Hoa
BRD0475,VIFA
BRD0476,ichi
BRD0477,Coca cola
BRD0478,K-COFFEE
BRD0479,Cung Đình
BRD0480,Kool
BRD0481,Hoa Vàng
BRD0482,HVHeo Vang
BRD0483,HV_Heo Vang
BRD0484,Mark Eco
BRD0485,Joint
BRD0486,HG
BRD0487,K- COFFEE
BRD0488,Sumika
BRD0489,Welly
BRD0490,Danisa
BRD0491,Khe Sanh
BRD0492,Wake
BRD0493,bibica
BRD0494,Tân Cương Thái Nguyên
BRD0495,Lavie
BRD0496,Bonat
BRD0497,Laxi
BRD0498,Ông Cụ
BRD0499,Handy
BRD0500,Modern
BRD0501,Hảo hảo
BRD0502,Luận Nghiệp
BRD0503,GudCook
BRD0504,Phan Thiết Mũi Né
BRD0505,Cosy Marie
BRD0506,Đông Triều
BRD0507,Đề Gi
BRD0508,Aji
BRD0509,Gia Hân
BRD0510,Cửa Lò
BRD0511,Koreno
BRD0512,Gấu Đỏ
BRD0513,REEVA
BRD0514,ZLOTY
BRD0515,Yes Mom
BRD0516,Thanh Hải
BRD0517,Cá Quẩn
BRD0518,MOOLA ADULTS
BRD0519,BLOOD
BRD0520,MOOLA
BRD0521,Mowari
BRD0522,Emax
BRD0523,Luxsion
BRD0524,Cái Rồng
BRD0525,Quốc kỳ
BRD0526,Trần Lan
BRD0527,Mum mum
BRD0528,Việt Cường
BRD0529,Cool
BRD0530,Rồng Vàng
BRD0531,Thái Long
BRD0532,Huyền Thoại
BRD0533,ADULTS
BRD0534,Best Disk Liquid
BRD0535,JOINT PREMIUM
BRD0536,Nutri Gold
BRD0537,Cửa Hội
BRD0538,Khai Hà
BRD0539,Hồng Vi
BRD0540,Mêkông
BRD0541,Thái A
BRD0542,Patriti
BRD0543,Ozendy
BRD0544,Soya
BRD0545,Livvy Vo
BRD0546,Dasa
BRD0547,Hòa Hiệp
BRD0548,Magi
BRD0549,Nam Dương
BRD0550,NutriGold
BRD0551,ÔLONG TEA+
BRD0552,OREON
BRD0553,Kun
BRD0554,LOFF Ba Vì
BRD0555,Sprite
BRD0556,Gấu Đ
BRD0557,Shan Thịnh
BRD0558,Bà Vầy
BRD0559,Karo
BRD0560,Vodka Thăng Long
BRD0561,Vang Thăng Long
BRD0562,Relax
BRD0563,Bfast
BRD0564,CGHL
BRD0565,DELIGHT
BRD0566,Carolina
BRD0567,Sumpo
BRD0568,Neosis
BRD0569,Laurier
BRD0570,VG AIR
BRD0571,Arista
BRD0572,Läupro
BRD0573,Fully
BRD0574,Boganic
BRD0575,Bidrico
BRD0576,Boncha
BRD0577,Kim Bôi
BRD0578,NINE JOOPPER
BRD0579,g Rituel Secret
BRD0580,3 Miền
BRD0581,Mì 365
BRD0582,An Lợi
BRD0583,Choles Tima
BRD0584,Biogaba
BRD0585,Ami
BRD0586,Phở gánh Hà Nội
BRD0587,SOLITE
BRD0588,Quãng Trân
BRD0589,Quảng Đông
BRD0590,Colosure
BRD0591,Dairy
BRD0592,Goldlay
BRD0593,RELAX GOLD
BRD0594,Simba
BRD0595,Monfarm
BRD0596,Hùng Dung
BRD0597,phúc Nguyên
BRD0598,Quýnh Hồn
BRD0599,Phúc Khuyên
BRD0600,Trung Nam
BRD0601,Cam Lộ
BRD0602,SePo
BRD0603,Thủy Bùi
BRD0604,Bé Xịn
BRD0605,Zdorovoe
BRD0606,TIPO
BRD0607,Tam Lan
BRD0608,Thăng Long
BRD0609,Gia Hân - Quảng Trị
BRD0610,Milo
BRD0611,Thái Minh Trà
BRD0612,Dasa(2
BRD0613,Lý Sơn - Quảng Ngãi
BRD0614,Fujiwa
BRD0615,Cô Ba
BRD0616,O-Food
BRD0617,Lạc thủy
BRD0618,Tamico Gold
BRD0619,Sông Hồng
BRD0620,Từ Tâm
BRD0621,Ông Bếp Vàng
BRD0622,Sedaap
BRD0623,Ngôi sao Phương nam Xanh
BRD0624,Vistars
BRD0625,Hòa Lộc
BRD0626,Yến sào Khánh Hòa
BRD0627,NESTGOLD
BRD0628,Chí Thành
BRD0629,Sóc Trăng
BRD0630,Omni
BRD0631,KQA
BRD0632,Phước Long
BRD0633,Đài Thơm
BRD0634,Lài thơm
BRD0635,K-Delight
BRD0636,333
BRD0637,Boat
BRD0638,Ajinotakara
BRD0639,Koreno Jumbo
BRD0640,Pororo
BRD0641,UMI
BRD0642,Ama thuột
BRD0643,Hương Lài
BRD0644,Fuji Master
BRD0645,APH
BRD0646,G8
BRD0647,VIOLIO
BRD0648,Thanh Vị
BRD0649,Star 4
BRD0650,Probi
BRD0651,Thiện tâm
BRD0652,Coronita Extra
BRD0653,Budweiser
BRD0654,King coffee
BRD0655,Như Ý
BRD0656,Gold Foods
BRD0657,Dr Moola
BRD0658,Orchird
BRD0659,Sài Gòn Lager
BRD0660,Iphone
BRD0661,Samsung
BRD0662,Ngân Nhĩ
BRD0663,Nhật Bản
BRD0664,Sensoterapia
BRD0665,Sing
BRD0666,Ambrosia
BRD0667,Cam Úc
BRD0668,Queen
BRD0669,Táo Nhật
BRD0670,Quýt Úc
BRD0671,Envy
BRD0672,KiKu
BRD0673,Rose
BRD0674,Lê Nam Phi
BRD0675,Dazzle
BRD0676,Jazz
BRD0677,Koru
BRD0678,Red Jonaprince
BRD0679,Royal Gala
BRD0680,AUTUMNCRIP
BRD0681,Gold Fuji
BRD0682,Kiwi vàng
BRD0683,Lựu Thái
BRD0684,Sweetglobe
BRD0685,Dưa Đài Loan
BRD0686,Lê Hàn Quốc
BRD0687,TIZO
BRD0688,ALPHABET
BRD0689,Hải Châu (Bánh kẹo)
BRD0690,Tiêu chuẩn vàng
BRD0691,Vitanutri
BRD0692,BIA VIỆT
BRD0693,Katya
BRD0694,Phở 24
BRD0695,Hàng tết
