table_name,table_description,table_columns,column_datatype,descriptions,target_constraint
D_SAN_PHAM_COMBO,Thông tin chi tiết sản phẩm combo,"['SP_COMBO_ID', 'MA_SAN_PHAM', 'MA_CU', 'TEN_SAN_PHAM', 'TT_SP_ID', 'MA_TRANG_THAI', 'MA_GOC_SP_COMBO', 'START_DATE', 'END_DATE', 'STATUS']","['INTEGER', 'VARCHAR2(50 Char)', 'VARCHAR2(50 Char)', 'VARCHAR2(250 Char)', 'INTEGER', 'VARCHAR2(50 Char)', 'VARCHAR2(50 Char)', 'DATE', 'DATE', 'BOOLEAN']","['STT sản phẩm combo', 'Mã sản phẩm', 'Mã cũ', 'Tên sản phẩm', 'STT trạng thái', 'Trạng thái', 'Mã gốc sản phẩm trong combo', 'Ngày bắt đầu hiệu lực bản ghi', 'Ngày kết thúc hiệu lực bản ghi', 'Trạng thái bản ghi']","['Surrogate Keys', 'PK', '', '', 'Surrogate Keys FK', 'FK', 'PK', '', '', '']"
D_SAN_PHAM_DTCT,Thông tin chi tiết sản phẩm đối thủ cạnh tranh,"['SP_DTCT_ID', 'MA_SAN_PHAM', 'TEN_SAN_PHAM', 'TEN_NGANH_HANG_BTCARE', 'LOAI_TRU_DT', 'PL_NH_ID', 'MA_PL_NGANH_HANG', 'NSP_ID', 'MA_NHOM_SAN_PHAM', 'BIEN_THE', 'FLAVOR_ID', 'MA_FLAVOR', 'TH_ID', 'MA_THUONG_HIEU', 'DVL_ID', 'MA_DVL', 'DVT_ID', 'MA_DVT', 'DVC_ID', 'MA_DVC', 'QUY_CACH_DONG_GOI', 'HTDG_ID', 'MA_HINH_THUC_DONG_GOI', 'CO_DONG_GOI', 'TRONG_LUONG_QUY_DOI', 'MA_VACH_SP', 'MA_VACH_THUNG', 'NCC_SP_DTCT_ID', 'MA_NCC_SP_DTCT', 'NCC_KENH_ID', 'MA_NCC_VAO_KENH', 'MH_MUA_ID', 'MA_MO_HINH_MUA', 'PACKSIZE_ID', 'MA_PACKSIZE', 'START_DATE', 'END_DATE', 'STATUS']","['INTEGER', 'VARCHAR2(50 Char)', 'VARCHAR2(250 Char)', 'VARCHAR2(250 Char)', 'BOOLEAN', 'INTEGER', 'VARCHAR2(50 Char)', 'INTEGER', 'VARCHAR2(50 Char)', 'VARCHAR2(50 Char)', 'INTEGER', 'VARCHAR2(50 Char)', 'INTEGER', 'VARCHAR2(50 Char)', 'INTEGER', 'VARCHAR2(50 Char)', 'INTEGER', 'VARCHAR2(50 Char)', 'INTEGER', 'VARCHAR2(50 Char)', 'VARCHAR2(50 Char)', 'INTEGER', 'VARCHAR2(50 Char)', 'VARCHAR2(50 Char)', 'INTEGER', 'INTEGER', 'INTEGER', 'INTEGER', 'VARCHAR2(50 Char)', 'INTEGER', 'VARCHAR2(50 Char)', 'INTEGER', 'VARCHAR2(50 Char)', 'INTEGER', 'VARCHAR2(50 Char)', 'DATE', 'DATE', 'BOOLEAN']","['STT sản phẩm ĐTCT', 'Mã sản phẩm', 'Tên sản phẩm', 'Tên ngành hàng BTCARE', 'Là/không là hàng loại trừ doanh thu', 'STT phân loại ngành hàng', 'Mã phân loại ngành hàng', 'STT nhóm sản phẩm', 'Mã nhóm sản phẩm', 'Biến thể', 'STT Flavor', 'Mã flavor', 'STT thương hiệu', 'Mã thương hiệu', 'STT đơn vị đóng gói lẻ', 'Mã ĐVL', 'STT đơn vị tính', 'Mã ĐVT', 'STT đơn vị đóng gói chẵn', 'Mã ĐVC', 'Qui cách đóng gói', 'STT hình thức đóng gói', 'Mã hình thức đóng gói', 'Cỡ đóng gói', 'Trọng lượng quy đổi', 'Mã vạch sản phẩm', 'Mã vạch thùng', 'STT nhà cung cấp sản phẩm ĐTCT', 'Mã nhà cung cấp sản phẩm', 'STT nhà cung cấp vào kênh', 'Mã nhà cung cấp vào kênh', 'STT mô hình mua', 'Mã mô hình mua', 'STT packsize', 'Mã đơn vị đóng gói (Khoảng/Khối lượng đóng gói)', 'Ngày bắt đầu hiệu lực bản ghi', 'Ngày kết thúc hiệu lực bản ghi', 'Trạng thái bản ghi']","['Surrogate Keys', 'PK', '', '', '', 'Surrogate Keys', 'FK', 'Surrogate Keys FK', 'FK', '', 'Surrogate Keys FK', 'FK', 'Surrogate Keys FK', 'FK', 'Surrogate Keys FK', 'FK', 'Surrogate Keys FK', 'FK', 'Surrogate Keys FK', 'FK', '', 'Surrogate Keys FK', 'FK', '', '', '', '', 'Surrogate Keys FK', 'FK', 'Surrogate Keys FK', 'FK', 'Surrogate Keys FK', 'FK', 'Surrogate Keys FK', 'FK', '', '', '']"
D_SAN_PHAM_DTCT,Thông tin chi tiết sản phẩm đối thủ cạnh tranh,"['SP_PHAN_VUNG_ID', 'KENH_BAN_ID', 'MA_KENH_BAN', 'MA_SAN_PHAM', 'TEN_SAN_PHAM', 'PV_SP_ID', 'MA_PV_SAN_PHAM', 'PL_ACTION_ID', 'MA_ACTION', 'NGAY_CAP_NHAT', 'START_DATE', 'END_DATE', 'STATUS']","['INTEGER', 'INTEGER', 'VARCHAR2(50 Char)', 'VARCHAR2(50 Char)', 'VARCHAR2(250 Char)', 'INTEGER', 'INTEGER', 'INTEGER', 'VARCHAR2(50 Char)', 'DATE', 'DATE', 'DATE', 'BOOLEAN']","['STT sản phẩm ĐTCT', 'STT kênh bán', 'Mã kênh bán', 'Mã sản phẩm', 'Tên sản phẩm', 'STT phân vùng sản phẩm', 'STT packsize', 'STT action theo phân vùng', 'Mã đơn vị đóng gói (Khoảng/Khối lượng đóng gói)', 'Ngày cập nhật', 'Ngày bắt đầu hiệu lực bản ghi', 'Ngày kết thúc hiệu lực bản ghi', 'Trạng thái bản ghi']","['Surrogate Keys', 'Surrogate Keys FK', '', 'PK', '', 'Surrogate Keys FK', '', 'Surrogate Keys FK', '', '', '', '', '']"
D_LOAI_HANG,Thông tin sản phẩm đang bán hay khuyến mại,"['LH_SP_ID', 'MA_LOAI_HANG', 'TEN_LOAI_HANG', 'MO_TA', 'START_DATE', 'END_DATE', 'STATUS']","['INTEGER', 'VARCHAR2(50 Char)', 'VARCHAR2(50 Char)', 'VARCHAR2(150 Char)', 'DATE', 'DATE', 'BOOLEAN']","['STT loại hàng của sản phẩm', 'Mã loại hàng của sản phẩm', 'Tên loại hàng của sản phẩm', 'Mô tả ', 'Ngày bắt đầu hiệu lực bản ghi', 'Ngày kết thúc hiệu lực bản ghi', 'Trạng thái bản ghi']","['Surrogate Keys', 'PK', '', '', '', '', '']"
D_VUNG_SAN_PHAM,Thông tin các vùng của sản phẩm ,"['PV_SP_ID', 'MA_PV_SAN_PHAM', 'TEN_PV_SAN_PHAM', 'START_DATE', 'END_DATE', 'STATUS']","['INTEGER', 'VARCHAR2(50 Char)', 'VARCHAR2(50 Char)', 'DATE', 'DATE', 'BOOLEAN']","['STT phân vùng sản phẩm', 'Mã phân vùng sản phẩm', 'Tên phân vùng sản phẩm', 'Ngày bắt đầu hiệu lực bản ghi', 'Ngày kết thúc hiệu lực bản ghi', 'Trạng thái bản ghi']","['Surrogate Keys', 'PK', '', '', '', '']"
D_PHAN_LOAI_ACTION,Thông tin các action cho sản phẩm ,"['PL_ACTION_ID', 'MA_ACTION', 'TEN_ACTION', 'START_DATE', 'END_DATE', 'STATUS']","['INTEGER', 'VARCHAR2(50 Char)', 'VARCHAR2(50 Char)', 'DATE', 'DATE', 'BOOLEAN']","['STT action theo phân vùng', 'Mã action theo phân vùng', 'Tên action theo phân vùng', 'Ngày bắt đầu hiệu lực bản ghi', 'Ngày kết thúc hiệu lực bản ghi', 'Trạng thái bản ghi']","['Surrogate Keys', 'PK', '', '', '', '']"
D_PHAN_LOAI_SAN_PHAM,Thông tin phân loại sản phẩm mới hay hiện hữu,"['PL_SP_ID', 'MA_PHAN_LOAI_SP', 'TEN_PHAN_LOAI_SP', 'START_DATE', 'END_DATE', 'STATUS']","['INTEGER', 'VARCHAR2(50 Char)', 'VARCHAR2(50 Char)', 'DATE', 'DATE', 'BOOLEAN']","['STT phân loại của sản phẩm', 'Mã phân loại hàng của sản phẩm', 'Tên phân loại hàng của sản phẩm', 'Ngày bắt đầu hiệu lực bản ghi', 'Ngày kết thúc hiệu lực bản ghi', 'Trạng thái bản ghi']","['Surrogate Keys', 'PK', '', '', '', '']"
D_PHAN_LOAI_NHA_PHAN_PHOI,Thông tin phân loại nhà phân phối #VNPost,"['PL_NPP_ID', 'MA_PHAN_LOAI', 'TEN_PHAN_LOAI', 'NPP_ID', 'MA_NPP', 'START_DATE', 'END_DATE', 'STATUS']","['INTEGER', 'VARCHAR2(50 Char)', 'VARCHAR2(150 Char)', 'INTEGER', 'VARCHAR2(50 Char)', 'DATE', 'DATE', 'BOOLEAN']","['STT phân loại khác', 'Mã phân loại khác', 'Tên phân loại khác', 'Số thứ tự nhà phân phối', 'Mã nhà phân phối', 'Ngày bắt đầu hiệu lực bản ghi', 'Ngày kết thúc hiệu lực bản ghi', 'Trạng thái bản ghi']","['Surrogate Keys', 'PK', '', 'Surrogate Keys FK', 'FK', '', '', '']"
D_THUONG_HIEU,Thông tin chi tiết thương hiêu,"['TH_ID', 'MA_THUONG_HIEU', 'TEN_THUONG_HIEU', 'START_DATE', 'END_DATE', 'STATUS']","['INTEGER', 'VARCHAR2(50 Char)', 'VARCHAR2(150 Char)', 'DATE', 'DATE', 'BOOLEAN']","['STT thương hiệu', 'Mã thương hiệu', 'Tên thương hiệu', 'Ngày bắt đầu hiệu lực bản ghi', 'Ngày kết thúc hiệu lực bản ghi', 'Trạng thái bản ghi']","['Surrogate Keys', 'PK', '', '', '', '']"
D_FLAVOR,Thông tin chi tiết biến thể về mùi hương,"['FLAVOR_ID', 'MA_FLAVOR', 'TEN_FLAVOR', 'START_DATE', 'END_DATE', 'STATUS']","['INTEGER', 'VARCHAR2(50 Char)', 'VARCHAR2(150 Char)', 'DATE', 'DATE', 'BOOLEAN']","['STT biến thể mùi hương', 'Mã biến thể mùi hương', 'Tên biến thể mùi hương', 'Ngày bắt đầu hiệu lực bản ghi', 'Ngày kết thúc hiệu lực bản ghi', 'Trạng thái bản ghi']","['Surrogate Keys', 'PK', '', '', '', '']"
D_PHAN_LOAI_NGANH_HANG,Thông tin phân loại ngành hàng,"['PL_NH_ID', 'MA_PL_NGANH_HANG', 'TEN_PL_NGANH_HANG', 'START_DATE', 'END_DATE', 'STATUS']","['INTEGER', 'VARCHAR2(50 Char)', 'VARCHAR2(150 Char)', 'DATE', 'DATE', 'BOOLEAN']","['STT phân loại ngành hàng', 'Mã phân loại ngành hàng', 'Tên phân loại ngành hàng', 'Ngày bắt đầu hiệu lực bản ghi', 'Ngày kết thúc hiệu lực bản ghi', 'Trạng thái bản ghi']","['Surrogate Keys', 'PK', '', '', '', '']"
D_NGANH_HANG,Thông tin chi tiết ngành hàng,"['NGANH_HANG_ID', 'MA_NGANH_HANG', 'TEN_NGANH_HANG', 'START_DATE', 'END_DATE', 'STATUS']","['INTEGER', 'VARCHAR2(50 Char)', 'VARCHAR2(150 Char)', 'DATE', 'DATE', 'BOOLEAN']","['STT ngành hàng', 'Mã ngành hàng', 'Tên ngành hàng', 'Ngày bắt đầu hiệu lực bản ghi', 'Ngày kết thúc hiệu lực bản ghi', 'Trạng thái bản ghi']","['Surrogate Keys', 'PK', '', '', '', '']"
D_NHOM_HANG,Thông tin chi tiết nhóm hàng,"['NH_ID', 'MA_NHOM_HANG', 'TEN_NHOM_HANG', 'NGANH_HANG_ID', 'MA_NGANH_HANG', 'START_DATE', 'END_DATE', 'STATUS']","['INTEGER', 'VARCHAR2(50 Char)', 'VARCHAR2(150 Char)', 'INTEGER', 'VARCHAR2(50 Char)', 'DATE', 'DATE', 'BOOLEAN']","['STT nhóm hàng', 'Mã nhóm hàng', 'Tên nhóm hàng', 'STT ngành hàng', 'Mã ngành hàng', 'Ngày bắt đầu hiệu lực bản ghi', 'Ngày kết thúc hiệu lực bản ghi', 'Trạng thái bản ghi']","['Surrogate Keys', 'PK', '', 'Surrogate Keys FK', 'FK', '', '', '']"
D_NHOM_SAN_PHAM,Thông tin chi tiết nhóm sản phẩm,"['NSP_ID', 'MA_NHOM_SAN_PHAM', 'TEN_NHOM_SAN_PHAM', 'NH_ID', 'MA_NHOM_HANG', 'START_DATE', 'END_DATE', 'STATUS']","['INTEGER', 'VARCHAR2(50 Char)', 'VARCHAR2(150 Char)', 'INTEGER', 'VARCHAR2(50 Char)', 'DATE', 'DATE', 'BOOLEAN']","['STT nhóm sản phẩm', 'Mã nhóm sản phẩm', 'Tên nhóm sản phẩm', 'STT nhóm hàng', 'Mã nhóm hàng', 'Ngày bắt đầu hiệu lực bản ghi', 'Ngày kết thúc hiệu lực bản ghi', 'Trạng thái bản ghi']","['Surrogate Keys', 'PK', '', 'Surrogate Keys FK', 'FK', '', '', '']"
D_PACKSIZE,Thông tin  đơn vị đóng gói (Khoảng/Khối lượng đóng gói),"['PACKSIZE_ID', 'MA_PACKSIZE', 'TEN_PACKSIZE', 'START_DATE', 'END_DATE', 'STATUS']","['INTEGER', 'VARCHAR2(50 Char)', 'VARCHAR2(150 Char)', 'DATE', 'DATE', 'BOOLEAN']","['STT packsize', 'Mã packsize', 'Tên packsize', 'Ngày bắt đầu hiệu lực bản ghi', 'Ngày kết thúc hiệu lực bản ghi', 'Trạng thái bản ghi']","['Surrogate Keys', 'PK', '', '', '', '']"
D_DON_VI_TINH,Thông tin đơn vị tính,"['DVT_ID', 'MA_DVT', 'TEN_DVT', 'START_DATE', 'END_DATE', 'STATUS']","['INTEGER', 'VARCHAR2(50 Char)', 'VARCHAR2(150 Char)', 'DATE', 'DATE', 'BOOLEAN']","['STT đơn vị tính', 'Mã đơn vị tính', 'Tên đơn vị tính', 'Ngày bắt đầu hiệu lực bản ghi', 'Ngày kết thúc hiệu lực bản ghi', 'Trạng thái bản ghi']","['Surrogate Keys', 'PK', '', '', '', '']"
D_DON_VI_DG,Thông tin đơn vị đóng gói chẵn + lẻ,"['DVDG_ID', 'MA_DON_VI', 'TEN_DON_VI', 'LOAI_DONG_GOI', 'START_DATE', 'END_DATE', 'STATUS']","['INTEGER', 'VARCHAR2(50 Char)', 'VARCHAR2(150 Char)', 'VARCHAR2(50 Char)', 'DATE', 'DATE', 'BOOLEAN']","['STT đơn vị đóng gói', 'Mã đơn vị đóng gói ', 'Tên đơn vị đóng gói ', 'Loại đóng gói', 'Ngày bắt đầu hiệu lực bản ghi', 'Ngày kết thúc hiệu lực bản ghi', 'Trạng thái bản ghi']","['Surrogate Keys', 'PK', '', '', '', '', '']"
D_HT_DONG_GOI,Thông tin hình thức đóng gói,"['HTDG_ID', 'MA_HT_DONG_GOI', 'TEN_HT_DONG_GOI', 'START_DATE', 'END_DATE', 'STATUS']","['INTEGER', 'VARCHAR2(50 Char)', 'VARCHAR2(150 Char)', 'DATE', 'DATE', 'BOOLEAN']","['STT hình thức đóng gói', 'Mã hình thức đóng gói', 'Tên hình thức đóng gói', 'Ngày bắt đầu hiệu lực bản ghi', 'Ngày kết thúc hiệu lực bản ghi', 'Trạng thái bản ghi']","['Surrogate Keys', 'PK', '', '', '', '']"
D_NGUON_GOC_SP,Thông tin nguồn gốc SP,"['NGSP_ID', 'MA_NGUON_GOC', 'MA_VACH', 'TEN_NGUON_GOC', 'START_DATE', 'END_DATE', 'STATUS']","['INTEGER', 'VARCHAR2(50 Char)', 'VARCHAR2(50 Char)', 'VARCHAR2(150 Char)', 'DATE', 'DATE', 'BOOLEAN']","['STT nguồn gốc sản phẩm', 'Mã nguồn gốc', 'Mã vạch', 'Tên nguồn gốc ', 'Ngày bắt đầu hiệu lực bản ghi', 'Ngày kết thúc hiệu lực bản ghi', 'Trạng thái bản ghi']","['Surrogate Keys', 'PK', '', '', '', '', '']"
D_MO_HINH_MUA,Thông tin mô hình mua,"['MH_MUA_ID', 'MA_MO_HINH_MUA', 'TEN_MO_HINH_MUA', 'START_DATE', 'END_DATE', 'STATUS']","['INTEGER', 'VARCHAR2(50 Char)', 'VARCHAR2(50 Char)', 'DATE', 'DATE', 'BOOLEAN']","['STT mô hình mua', 'Mã mô hình mua', 'Tên mô hình mua', 'Ngày bắt đầu hiệu lực bản ghi', 'Ngày kết thúc hiệu lực bản ghi', 'Trạng thái bản ghi']","['Surrogate Keys', 'PK', '', '', '', '']"
D_TRANG_THAI_SP,Thông tin trạng thái sản phẩm,"['TT_SP_ID', 'MA_TRANG_THAI', 'TRANG_THAI', 'MO_TA', 'START_DATE', 'END_DATE', 'STATUS']","['INTEGER', 'VARCHAR2(50 Char)', 'VARCHAR2(50 Char)', 'VARCHAR2(250 Char)', 'DATE', 'DATE', 'BOOLEAN']","['STT trạng thái', 'Mã trạng thái', 'Tên trạng thái', 'Mô tả trạng thái', 'Ngày bắt đầu hiệu lực bản ghi', 'Ngày kết thúc hiệu lực bản ghi', 'Trạng thái bản ghi']","['Surrogate Keys', 'PK', '', '', '', '', '']"
D_KENH_BAN,Thông tin kênh bán,"['KENH_BAN_ID', 'MA_KENH_BAN', 'TEN_KENH_BAN', 'START_DATE', 'END_DATE', 'STATUS']","['INTEGER', 'VARCHAR2(50 Char)', 'VARCHAR2(250 Char)', 'DATE', 'DATE', 'BOOLEAN']","['STT kênh bán', 'Mã kênh bán', 'Tên kênh bán', 'Ngày bắt đầu hiệu lực bản ghi', 'Ngày kết thúc hiệu lực bản ghi', 'Trạng thái bản ghi']","['Surrogate Keys', 'PK', '', '', '', '']"
D_PHAN_LOAI_KENH_BAN,Thông tin phân loại kênh bán,"['PL_KB_ID', 'MA_PHAN_LOAI_KENH', 'TEN_PHAN_LOAI_KENH', 'KENH_BAN_ID', 'MA_KENH_BAN', 'START_DATE', 'END_DATE', 'STATUS']","['INTEGER', 'VARCHAR2(50 Char)', 'VARCHAR2(250 Char)', 'INTEGER', 'VARCHAR2(50 Char)', 'DATE', 'DATE', 'BOOLEAN']","['STT phân loại kênh bán', 'Mã phân loại kênh bán', 'Tên phân loại kênh bán', 'STT kênh bán', 'Mã kênh bán', 'Ngày bắt đầu hiệu lực bản ghi', 'Ngày kết thúc hiệu lực bản ghi', 'Trạng thái bản ghi']","['Surrogate Keys', 'PK', '', 'Surrogate Keys FK', 'FK', '', '', '']"
D_NHA_PHAN_PHOI,Danh sách Địa bàn/ Tiệm/ Chuỗi / NPP ngoài VNPost,"['NPP_ID', 'MA_NPP', 'TEN_NPP', 'PL_KB_ID', 'MA_PHAN_LOAI_KENH', 'START_DATE', 'END_DATE', 'STATUS']","['INTEGER', 'VARCHAR2(50 CHAR)', 'VARCHAR2(250 CHAR)', 'INTEGER', 'VARCHAR2(50 CHAR)', 'DATE', 'DATE', 'BOOLEAN']","['Số thứ tự nhà phân phối', 'Mã Địa bàn/ Tiệm/ Chuỗi / NPP', 'Tên Địa bàn/ Tiệm/ Chuỗi / NPP', 'STT phân loại kênh bán', 'Mã phân loại kênh bán', 'Ngày bắt đầu hiệu lực bản ghi', 'Ngày kết thúc hiệu lực bản ghi', 'Trạng thái bản ghi']","['Surrogate Keys', 'PK', '', 'Surrogate Keys FK', 'FK', '', '', '']"
D_NCC_SP,Thông tin nhà cung cấp sản phẩm,"['NCC_SP_ID', 'MA_NCC', 'TEN_DK_KINH_DOANH', 'TEN_VIET_TAT', 'LOAI_NCC', 'MST', 'SDT', 'DIA_CHI', 'GHI_CHU', 'START_DATE', 'END_DATE', 'STATUS']","['INTEGER', 'VARCHAR2(50 Char)', 'VARCHAR2(250 Char)', 'VARCHAR2(250 Char)', 'VARCHAR2(250 Char)', 'VARCHAR2(250 Char)', 'VARCHAR2(50 Char)', 'VARCHAR2(250 Char)', 'VARCHAR2(250 Char)', 'DATE', 'DATE', 'BOOLEAN']","['STT nhà cung cấp sản phẩm', 'Code', 'Tên đăng ký kinh doanh', 'Tên viết tắt NCC', 'Loại NCC', 'Mã số thuế', 'Điện thoại', 'Địa chỉ', 'Ghi chú', 'Ngày bắt đầu hiệu lực bản ghi', 'Ngày kết thúc hiệu lực bản ghi', 'Trạng thái bản ghi']","['Surrogate Keys', 'PK', '', '', '', '', '', '', '', '', '', '']"
D_NCC_VAO_KENH,Thông tin nhà cung cấp vào kênh,"['NCC_KENH_ID', 'MA_NCC', 'TEN_VIET_TAT', 'LOAI_NCC', 'TEN_DK_KINH_DOANH', 'MST', 'SDT', 'DIA_CHI', 'GHI_CHU', 'START_DATE', 'END_DATE', 'STATUS']","['INTEGER', 'VARCHAR2(50 Char)', 'VARCHAR2(250 Char)', 'VARCHAR2(250 Char)', 'VARCHAR2(250 Char)', 'VARCHAR2(250 Char)', 'VARCHAR2(50 Char)', 'VARCHAR2(250 Char)', 'VARCHAR2(250 Char)', 'DATE', 'DATE', 'BOOLEAN']","['STT nhà cung cấp vào kênh', 'Code', 'Tên viết tắt NCC', 'Loại NCC', 'Tên đăng ký kinh doanh', 'Mã số thuế', 'Điện thoại', 'Địa chỉ', 'Ghi chú', 'Ngày bắt đầu hiệu lực bản ghi', 'Ngày kết thúc hiệu lực bản ghi', 'Trạng thái bản ghi']","['Surrogate Keys', 'PK', '', '', '', '', '', '', '', '', '', '']"
D_NCC_SP_DTCT,Thông tin nhà cung cấp sản phẩm của ĐTCT,"['NCC_SP_DTCT_ID', 'MA_NCC_DTCT', 'TEN_DK_KINH_DOANH', 'TEN_VIET_TAT', 'LOAI_NCC', 'MST', 'SDT', 'DIA_CHI', 'GHI_CHU', 'START_DATE', 'END_DATE', 'STATUS']","['INTEGER', 'VARCHAR2(50 Char)', 'VARCHAR2(250 Char)', 'VARCHAR2(150 Char)', 'VARCHAR2(150 Char)', 'VARCHAR2(150 Char)', 'VARCHAR2(50 Char)', 'VARCHAR2(250 Char)', 'VARCHAR2(250 Char)', 'DATE', 'DATE', 'BOOLEAN']","['STT nhà cung cấp sản phẩm', 'Mã nhà cung cấp sản phẩm ĐTCT', 'Tên đăng ký kinh doanh', 'Tên viết tắt NCC', 'Loại NCC', 'Mã số thuế', 'Điện thoại', 'Địa chỉ', 'Ghi chú', 'Ngày bắt đầu hiệu lực bản ghi', 'Ngày kết thúc hiệu lực bản ghi', 'Trạng thái bản ghi']","['Surrogate Keys', 'PK', '', '', '', '', '', '', '', '', '', '']"
D_CHUYEN_VIEN_KD,Thông tin chi tiết về các chuyên viên kinh doanh,"['CVKD_ID', 'KENH_BAN_ID', 'MA_KENH_BAN', 'TEN_NHAN_VIEN', 'EMAIL', 'CHUC_VU', 'KV_ID', 'MA_KHU_VUC_PT', 'TINH_TP_ID', 'MA_TINH_TP', 'QH_ID', 'MA_QUAN_HUYEN', 'NPP_ID', 'MA_NPP', 'MA_BD_PHU_TRACH', 'TEN_BD_PHU_TRACH', 'TT_NV_ID', 'MA_TRANG_THAI', 'NGAY_BAT_DAU_PHU_TRACH', 'NGAY_KET_THUC_PHU_TRACH', 'START_DATE', 'END_DATE', 'STATUS']","['INTEGER', 'INTEGER', 'VARCHAR2(50 CHAR)', 'VARCHAR2(50 CHAR)', 'VARCHAR2(150 CHAR)', 'VARCHAR2(250CHAR)', 'INTEGER', 'VARCHAR2(50CHAR)', 'INTEGER', 'VARCHAR2(50CHAR)', 'INTEGER', 'VARCHAR2(50CHAR)', 'INTEGER', 'VARCHAR2(50CHAR)', 'VARCHAR2(50CHAR)', 'VARCHAR2(250CHAR)', 'INTEGER', 'VARCHAR2(50CHAR)', 'DATE', 'DATE', 'DATE', 'DATE', 'BOOLEAN']","['Số thứ tự chuyên viên kd', 'STT kênh bán', 'Mã kênh bán', 'Tên nhân viên', 'Email nhân viên', 'Chức vụ', 'Số thứ tự khu vực', 'Mã Khu vực phụ trách', 'Số thư tự tỉnh thành phố', 'Mã tỉnh thành phố', 'Số thứ tự quận huyện', 'Mã quận huyện', 'Số thứ tự nhà phân phối', 'Mã Địa bàn/ Tiệm/ Chuỗi / NPP', 'Mã BĐ phụ trách', 'Tên BĐ phụ trách', 'Số thứ tự trạng thái nhân viên', 'Mã trạng thái', 'Ngày bắt đầu phụ trách', 'Ngày kết thúc phụ trách', 'Ngày bắt đầu hiệu lực bản ghi', 'Ngày kết thúc hiệu lực bản ghi', 'Trạng thái bản ghi']","['Surrogate Keys', 'Surrogate Keys FK', 'FK', '', 'PK', '', 'Surrogate Keys FK', 'FK', 'Surrogate Keys FK', 'FK', 'Surrogate Keys FK', 'FK', 'Surrogate Keys FK', 'FK', '', '', 'Surrogate Keys FK', 'FK', '', '', '', '', '']"
D_KHU_VUC,Danh sách các khu vực của VNPOST,"['KV_ID', 'MA_KHU_VUC', 'TEN_KHU_VUC', 'START_DATE', 'END_DATE', 'STATUS']","['INTEGER', 'VARCHAR2(50 CHAR)', 'VARCHAR2(250 CHAR)', 'DATE', 'DATE', 'BOOLEAN']","['Số thứ tự khu vực', 'Mã khu vực', 'Tên khu vực', 'Ngày bắt đầu hiệu lực bản ghi', 'Ngày kết thúc hiệu lực bản ghi', 'Trạng thái bản ghi']","['Surrogate Keys', 'PK', '', '', '', '']"
D_CHUC_VU,Thông tin chức vụ nhân viên,"['CV_ID', 'MA_CHUC_VU', 'TEN_CHUC_VU', 'START_DATE', 'END_DATE', 'STATUS']","['INTEGER', 'VARCHAR2(50 CHAR)', 'VARCHAR2(250 CHAR)', 'DATE', 'DATE', 'BOOLEAN']","['Số thứ tự chức vụ', 'Mã chức vụ', 'Tên chức vụ', 'Ngày bắt đầu hiệu lực bản ghi', 'Ngày kết thúc hiệu lực bản ghi', 'Trạng thái bản ghi']","['Surrogate Keys', 'PK', '', '', '', '']"
D_TRANG_THAI_NV,Thông tin trạng thái nhân viên,"['TT_NV_ID', 'MA_TRANG_THAI', 'TEN_TRANG_THAI', 'MO_TA', 'START_DATE', 'END_DATE', 'STATUS']","['INTEGER', 'VARCHAR2(50 CHAR)', 'VARCHAR2(250 CHAR)', 'VARCHAR2(250 CHAR)', 'DATE', 'DATE', 'BOOLEAN']","['Số thứ tự trạng thái nhân viên', 'Mã trạng thái', 'Tên trạng thái', 'Mô tả', 'Ngày bắt đầu hiệu lực bản ghi', 'Ngày kết thúc hiệu lực bản ghi', 'Trạng thái bản ghi']","['Surrogate Keys', 'PK', '', '', '', '', '']"
D_KHO_DIEM_BAN,Thông tin về danh sách điểm bán VNPOST và ngoài VNPOST,"['STT', 'MA_KENH_BAN', 'MA_KHU_VUC', 'MA_THANH_PHO', 'MA_QUAN_HUYEN', 'MA_PX', 'MA_PHAN_LOAI_KENH', 'MA_BDT_MISA', 'MA_BDT', 'TEN_BDT', 'ID_BDT_V3', 'ID_BDT_V2', 'ID_BDT_LILOG', 'MA_BDH', 'TEN_BDH', 'ID_BDH_V3', 'ID_BDH_V2', 'ID_BDH_LILOG', 'MA_DIA_BAN', 'MA_PL_KHAC', 'MA_KHO_DIEM_BAN', 'TEN_KHO_DIEM_BAN', 'ID_DB_V3', 'ID_DB_V2', 'ID_DB_LILOG', 'LOAI_HINH_DB', 'MA_CAP_KHO', 'MA_TRANG_THAI', 'DIEN_THOAI', 'DIA_CHI', 'MA_CU', 'TYPE', 'START_DATE', 'END_DATE', 'STATUS']","['INTEGER', 'VARCHAR2(50 CHAR)', 'VARCHAR2(50 CHAR)', 'VARCHAR2(50 CHAR)', 'VARCHAR2(50 CHAR)', 'VARCHAR2(50 CHAR)', 'VARCHAR2(50 CHAR)', 'VARCHAR2(50 CHAR)', 'VARCHAR2(50 CHAR)', 'VARCHAR2(250 CHAR)', 'INTEGER', 'INTEGER', 'INTEGER', 'VARCHAR2(50 CHAR)', 'VARCHAR2(250 CHAR)', 'INTEGER', 'INTEGER', 'INTEGER', 'VARCHAR2(50 CHAR)', 'VARCHAR2(50 CHAR)', 'VARCHAR2(50 CHAR)', 'VARCHAR2(250 CHAR)', 'INTEGER', 'INTEGER', 'INTEGER', 'VARCHAR2(50 CHAR)', 'VARCHAR2(50 CHAR)', 'VARCHAR2(50 CHAR)', 'VARCHAR2(50 CHAR)', 'VARCHAR2(250 CHAR)', 'VARCHAR2(50 CHAR)', 'INTEGER', 'DATE', 'DATE', 'BOOLEAN']","['Số thứ tự', 'Mã kênh bán', 'Mã khu vực', 'Mã thành phố', 'Mã quận huyện', 'Mã phường xã', 'Mã phân loại kênh', 'Mã BĐT Misa', 'Mã bưu điện tỉnh', 'Tên bưu điện tỉnh', 'ID v3 của mã bưu điện tỉnh', 'ID v2 của mã bưu điện tỉnh', 'ID lilog của mã bưu điện tỉnh', 'Mã bưu điện huyện', 'Tên bưu điện huyện', 'ID v3 của mã bưu điện huyện', 'ID v2 của mã bưu điện huyện', 'ID lilog của mã bưu điện huyện', 'Mã địa bàn', 'Mã phân loại khác', 'Mã kho/ Điểm bán', 'Tên kho/ Điểm bán', 'ID v3 của mã kho/điểm bán', 'ID v2 của mã kho/điểm bán', 'ID lilog của mã kho/điểm bán', 'Loại hình điểm bán', 'Ma cấp kho', 'Mã trạng thái kho hàng', 'Điện thoại', 'Địa chỉ', 'Mã cũ', 'Loại kho/ điểm bán', 'Ngày bắt đầu hiệu lực bản ghi', 'Ngày kết thúc hiệu lực bản ghi', 'Trạng thái bản ghi']","['Surrogate Keys', 'FK', 'FK', 'FK', 'FK', 'FK', 'FK', '', 'PK', '', '', '', '', 'PK', '', '', '', '', '', 'FK', 'PK', '', '', '', '', '', 'FK', 'FK', '', '', '', '', '', '', '']"
D_DIEM_BAN_NGOAI_VNPOST,Thông tin về danh sách điểm bán ngoài VNPOST,"['DIEM_BAN_ID', 'KENH_BAN_ID', 'MA_KENH_BAN', 'KV_ID', 'MA_KHU_VUC', 'KENH_BAN_ID', 'MA_KENH_BAN', 'PL_KB_ID', 'MA_PHAN_LOAI_KENH', 'NPP_ID', 'MA_NPP', 'PL_NPP_ID', 'MA_PHAN_LOAI', 'MA_CU', 'CONCAT_ID', 'MA_DIEM_BAN', 'TEN_DIEM_BAN', 'ID_DB_NGOAI', 'ID_DB_V3', 'ID_DB_V2', 'ID_DB_LILOG', 'NGUON', 'TTK_ID', 'MA_TRANG_THAI', 'DIEN_THOAI', 'EMAIL', 'DIA_CHI', 'GPS', 'START_DATE', 'END_DATE', 'STATUS']","['INTEGER', 'INTEGER', 'VARCHAR2(50 CHAR)', 'INTEGER', 'VARCHAR2(50 CHAR)', 'INTEGER', 'VARCHAR2(50 CHAR)', 'INTEGER', 'VARCHAR2(50 CHAR)', 'INTEGER', 'VARCHAR2(50 CHAR)', 'INTEGER', 'VARCHAR2(50 CHAR)', 'VARCHAR2(250 CHAR)', 'VARCHAR2(50 CHAR)', 'INTEGER', 'VARCHAR2(50 CHAR)', 'INTEGER', 'INTEGER', 'INTEGER', 'INTEGER', 'VARCHAR2(50 CHAR)', 'INTEGER', 'VARCHAR2(50 CHAR)', 'VARCHAR2(50 CHAR)', 'VARCHAR2(50 CHAR)', 'VARCHAR2(250 CHAR)', 'VARCHAR2(50 CHAR)', 'DATE', 'DATE', 'BOOLEAN']","['Số thứ tự', 'STT kênh bán', 'Mã kênh bán', 'Số thứ tự khu vực', 'Mã khu vực', 'STT kênh bán', 'Mã kênh bán', 'STT phân loại kênh bán', 'Mã phân loại kênh', 'Số thứ tự nhà phân phối', 'Mã NPP', 'STT phân loại khác', 'Mã phân loại NPP', 'Mã cũ', 'ID kho đã phân cấp', 'Mã điểm bán', 'Tên điểm bán', 'ID kho của điểm bán ngoài', 'ID v3 của mã kho/điểm bán', 'ID v2 của điểm bán', 'ID lilog của điểm bán', 'Source kho', 'Số thứ tự trạng thái kho', 'Mã trạng thái', 'Điện thoại', 'Email', 'Địa chỉ', 'GPS', 'Ngày bắt đầu hiệu lực bản ghi', 'Ngày kết thúc hiệu lực bản ghi', 'Trạng thái bản ghi']","['Surrogate Keys', 'Surrogate Keys FK', 'FK', 'Surrogate Keys FK', 'FK', 'Surrogate Keys FK', 'FK', 'Surrogate Keys FK', 'FK', 'Surrogate Keys FK', 'FK', 'Surrogate Keys FK', 'FK', '', '', 'PK', '', '', '', '', '', '', 'Surrogate Keys FK', 'FK', '', '', '', '', '', '', '']"
D_CAY_KHO_DB_VNPOST,Thông tin về cây quan hệ kho/điểm bán  VNPOST,"['STT', 'MA_BDT', 'TEN_BDT', 'MA_BDH', 'TEN_BDH', 'MA_KHO_DB', 'TEN_KHO_DB', 'DIA_BAN', 'START_DATE', 'END_DATE', 'STATUS']","['INTEGER', 'VARCHAR2(50 CHAR)', 'VARCHAR2(250 CHAR)', 'VARCHAR2(50 CHAR)', 'VARCHAR2(250 CHAR)', 'VARCHAR2(50 CHAR)', 'VARCHAR2(250 CHAR)', 'VARCHAR2(250 CHAR)', 'DATE', 'DATE', 'BOOLEAN']","['Số thứ tự', 'Mã bưu điện tỉnh', 'Tên bưu điện tỉnh', 'Mã bưu điện huyện', 'Tên bưu điện huyện', 'Mã kho/ điểm bán', 'Tên kho/ Điểm bán', 'Địa bàn (CVKD)', 'Ngày bắt đầu hiệu lực bản ghi', 'Ngày kết thúc hiệu lực bản ghi', 'Trạng thái bản ghi']","['Surrogate Keys', '', '', '', '', '', '', '', '', '', '']"
D_CAY_QL_KHO_DIEM_BAN_NGOAI_VNPOST,Thông tin về danh sách điểm bán ngoài VNPOST,"['STT', 'MA_KENH_BAN', 'MA_PHAN_LOAI', 'MA_DIA_BAN', 'MA_KHO', 'TEN_KHO_DB', 'START_DATE', 'END_DATE', 'STATUS']","['INTEGER', 'VARCHAR2(50 CHAR)', 'VARCHAR2(50 CHAR)', 'VARCHAR2(50 CHAR)', 'VARCHAR2(50 CHAR)', 'VARCHAR2(250 CHAR)', 'DATE', 'DATE', 'BOOLEAN']","['Số thứ tự', 'Mã kênh bán', 'Mã Phân loại trong kênh', 'Mã Địa bàn/ Tiệm/ Chuỗi / NPP', 'Mã kho/ điểm bán', 'Tên kho/ Điểm bán', 'Ngày bắt đầu hiệu lực bản ghi', 'Ngày kết thúc hiệu lực bản ghi', 'Trạng thái bản ghi']","['Surrogate Keys', 'FK', 'FK', '', '', '', '', '', '']"
D_TINH_THANH_PHO,Thông tin về danh sách các tỉnh thành phố ,"['TINH_TP_ID', 'MA_TINH_TP', 'TEN_TINH_TP', 'KV_ID', 'MA_KHU_VUC', 'START_DATE', 'END_DATE', 'STATUS']","['INTEGER', 'VARCHAR2(50)', 'VARCHAR2(250)', 'INTEGER', 'VARCHAR2(50)', 'DATE', 'DATE', 'BOOLEAN']","['Số thư tự tỉnh thành phố', 'Mã tỉnh thành phố', 'Tên tỉnh thành phố', 'Số thứ tự khu vực', 'Mã khu vực', 'Ngày bắt đầu hiệu lực bản ghi', 'Ngày kết thúc hiệu lực bản ghi', 'Trạng thái bản ghi']","['Surrogate Keys', 'PK', '', 'Surrogate Keys FK', 'FK', '', '', '']"
D_QUAN_HUYEN,Danh sách các quận huyện,"['QH_ID', 'MA_QH', 'TEN_QH', 'TINH_TP_ID', 'MA_TINH_TP', 'START_DATE', 'END_DATE', 'STATUS']","['INTEGER', 'VARCHAR2(50 CHAR)', 'VARCHAR2(250 CHAR)', 'INTEGER', 'VARCHAR2(50 CHAR)', 'DATE', 'DATE', 'BOOLEAN']","['Số thứ tự quận huyện', 'Mã Quận Huyện', 'Tên Quận Huyện', 'Số thư tự tỉnh thành phố', 'Mã tỉnh thành phố', 'Ngày bắt đầu hiệu lực bản ghi', 'Ngày kết thúc hiệu lực bản ghi', 'Trạng thái bản ghi']","['Surrogate Keys', 'PK', '', 'Surrogate Keys FK', 'FK', '', '', '']"
D_PHUONG_XA,Danh sách các quận huyện,"['PX_ID', 'MA_PX', 'TEN_PX', 'QH_ID', 'MA_QH', 'START_DATE', 'END_DATE', 'STATUS']","['INTEGER', 'VARCHAR2(50 CHAR)', 'VARCHAR2(250 CHAR)', 'INTEGER', 'VARCHAR2(50 CHAR)', 'DATE', 'DATE', 'BOOLEAN']","['Số thứ tự phường xã', 'Mã phường xã', 'Tên phường xã', 'Số thứ tự quận huyện', 'Mã quận huyện', 'Ngày bắt đầu hiệu lực bản ghi', 'Ngày kết thúc hiệu lực bản ghi', 'Trạng thái bản ghi']","['Surrogate Keys', 'PK', '', 'Surrogate Keys FK', 'FK', '', '', '']"
D_CAP_KHO,Danh sách các cấp kho ,"['CAP_KHO_ID', 'MA_CAP_KHO', 'TEN_CAP_KHO', 'MO_TA', 'START_DATE', 'END_DATE', 'STATUS']","['INTEGER', 'VARCHAR2(50 CHAR)', 'VARCHAR2(250 CHAR)', 'VARCHAR2(250 CHAR)', 'DATE', 'DATE', 'BOOLEAN']","['Số thứ tự cấp kho', 'Mã cấp kho', 'Tên cấp kho', 'Mô tả', 'Ngày bắt đầu hiệu lực bản ghi', 'Ngày kết thúc hiệu lực bản ghi', 'Trạng thái bản ghi']","['Surrogate Keys', 'PK', '', '', '', '', '']"
D_TRANG_THAI_KHO,Danh sách trạng thái kho/ điểm bán,"['TTK_ID', 'MA_TRANG_THAI', 'TEN_TRANG_THAI', 'MO_TA', 'START_DATE', 'END_DATE', 'STATUS']","['INTEGER', 'VARCHAR2(50 CHAR)', 'VARCHAR2(250 CHAR)', 'VARCHAR2(250 CHAR)', 'DATE', 'DATE', 'BOOLEAN']","['Số thứ tự trạng thái kho', 'Mã trạng thái kho điểm bán', 'Tên trạng thái kho điểm bán', 'Mô tả', 'Ngày bắt đầu hiệu lực bản ghi', 'Ngày kết thúc hiệu lực bản ghi', 'Trạng thái bản ghi']","['Surrogate Keys', 'PK', '', '', '', '', '']"
D_PHAN_LOAI_BDT,Thông tin về phân loại địa bàn bưu điện tỉnh,"['UT_BDT_ID', 'MA_PL_BDT_UT', 'TEN_PL_BDT_UT', 'MO_TA', 'START_DATE', 'END_DATE', 'STATUS']","['INTEGER', 'VARCHAR2(50 CHAR)', 'VARCHAR2(250 CHAR)', 'VARCHAR2(250 CHAR)', 'DATE', 'DATE', 'BOOLEAN']","['Số thứ tự bưu điện tỉnh ưu tiên', 'Mã phân loại bưu điện tỉnh ưu tiên', 'Tên phân loại bưu điện tỉnh ưu tiên', 'Mô tả', 'Ngày bắt đầu hiệu lực bản ghi', 'Ngày kết thúc hiệu lực bản ghi', 'Trạng thái bản ghi']","['Surrogate Keys', 'PK', '', '', '', '', '']"
D_PHAN_LOAI_BDH,Thông tin về phân loại địa bàn bưu điện huyện,"['UT_BDH_ID', 'MA_PL_BDH_UT', 'TEN_PL_BDH_UT', 'MO_TA', 'START_DATE', 'END_DATE', 'STATUS']","['INTEGER', 'VARCHAR2(50 CHAR)', 'VARCHAR2(250 CHAR)', 'VARCHAR2(250 CHAR)', 'DATE', 'DATE', 'BOOLEAN']","['Số thứ tự bưu điện huyện ưu tiên', 'Mã phân loại bưu điện huyện ưu tiên', 'Tên phân loại bưu điện huyện ưu tiên', 'Mô tả', 'Ngày bắt đầu hiệu lực bản ghi', 'Ngày kết thúc hiệu lực bản ghi', 'Trạng thái bản ghi']","['Surrogate Keys', 'PK', '', '', '', '', '']"
D_VAT,Thông tin các thuế VAT,"['VAT_ID', 'MA_VAT', 'VAT', 'START_DATE', 'END_DATE', 'STATUS']","['INTEGER', 'VARCHAR2(50 CHAR)', 'FLOAT', 'DATE', 'DATE', 'BOOLEAN']","['Số thứ tự VAT', 'Mã VAT ', 'Phần trăm VAT ', 'Ngày bắt đầu hiệu lực bản ghi', 'Ngày kết thúc hiệu lực bản ghi', 'Trạng thái bản ghi']","['Surrogate Keys', 'PK', '', '', '', '']"
D_GIA_BAN_VAT,Thông tin về giá và VAT của các sản phẩm ,"['GB_VAT_ID', 'KENH_BAN_ID', 'MA_KENH_BAN', 'SP_ID', 'MA_SAN_PHAM', 'COMBO', 'GIA_NIEM_YET', 'MIEN_THUE', 'VAT', 'MA_VAT', 'NGAY_THIET_LAP', 'NGUON', 'START_DATE', 'END_DATE', 'STATUS']","['INTEGER', 'INTEGER', 'VARCHAR2(50 CHAR)', 'INTEGER', 'VARCHAR2(50 CHAR)', 'BOOLEAN', 'FLOAT64', 'BOOLEAN', 'FLOAT64', 'VARCHAR2(50 CHAR)', 'DATE', 'VARCHAR2(50 CHAR)', 'DATE', 'DATE', 'BOOLEAN']","['Số thứ tự giá bán VAT', 'STT kênh bán', 'Mã kênh bán', 'STT sản phẩm', 'Mã sản phẩm', 'Sản phẩm combo/lẻ', 'Giá niêm yết', 'Không/được miễn thuế', 'Thuế VAT (%)', 'Danh mục thuế', 'Ngày thiết lập', 'Nguồn', 'Ngày bắt đầu hiệu lực bản ghi', 'Ngày kết thúc hiệu lực bản ghi', 'Trạng thái bản ghi']","['Surrogate Keys', 'Surrogate Keys FK', 'PK', 'Surrogate Keys FK', 'PK', '', '', '', '', '', '', '', '', '', '']"
D_KHO_TONG,Thông tin về tổng kho bán VNPost,"['KHO_TONG_ID', 'MA_KHO', 'TEN_KHO', 'PL_TONG_KHO', 'ID_KHO_TONG', 'ID_DB_V3', 'ID_DB_V2', 'ID_DB_LILOG', 'NGUON', 'TTK_ID', 'MA_TRANG_THAI', 'CONCAT_ID', 'START_DATE', 'END_DATE', 'STATUS']","['INTEGER', 'VARCHAR2(50 CHAR)', 'VARCHAR2(50 CHAR)', 'VARCHAR2(50 CHAR)', 'INTEGER', 'INTEGER', 'INTEGER', 'INTEGER', 'VARCHAR2(50 CHAR)', 'INTEGER', 'VARCHAR2(50 CHAR)', 'VARCHAR2(50 CHAR)', 'DATE', 'DATE', 'BOOLEAN']","['Số thứ tự kho tổng', 'Mã kho', 'Tên kho', 'Tên phân loại tổng kho', 'ID kho tổng của điểm bán ', 'ID v3 của mã kho/điểm bán', 'ID v2 của mã kho/điểm bán', 'ID lilog của mã kho/điểm bán', 'Source kho', 'Số thứ tự trạng thái kho', 'Trạng thái kho', 'ID kho đã phân cấp', 'Ngày bắt đầu hiệu lực bản ghi', 'Ngày kết thúc hiệu lực bản ghi', 'Trạng thái bản ghi']","['Surrogate Keys', 'PK', '', '', '', '', '', '', '', 'Surrogate Keys FK', 'FK', '', '', '', '']"
D_KHO_BDT,Thông tin về kho bưu điện tỉnh VNPost,"['KHO_BDT_ID', 'MA_BDT', 'KHO_BDT_UT_ID', 'MA_BDT_MISA', 'TEN_BDT', 'ID_KHO_TINH', 'ID_BDT_V3', 'ID_BDT_V2', 'ID_BDT_LILOG', 'NGUON', 'GPS', 'DIEN_THOAI', 'DIA_CHI', 'KV_ID', 'MA_KHU_VUC', 'KHO_TONG_ID', 'MA_KHO_TONG', 'TEN_KHO_TONG', 'GHI_CHU', 'TTK_ID', 'MA_TRANG_THAI', 'CONCAT_ID', 'START_DATE', 'END_DATE', 'STATUS']","['INTEGER', 'VARCHAR2(50 CHAR)', 'INTEGER', 'VARCHAR2(50 CHAR)', 'VARCHAR2(50 CHAR)', 'INTEGER', 'INTEGER', 'INTEGER', 'INTEGER', 'VARCHAR2(50 CHAR)', 'VARCHAR2(50 CHAR)', 'VARCHAR2(50 CHAR)', 'VARCHAR2(50 CHAR)', 'INTEGER', 'VARCHAR2(50 CHAR)', 'INTEGER', 'VARCHAR2(50 CHAR)', 'VARCHAR2(50 CHAR)', 'VARCHAR2(50 CHAR)', 'INTEGER', 'VARCHAR2(50 CHAR)', 'VARCHAR2(50 CHAR)', 'DATE', 'DATE', 'BOOLEAN']","['Số thứ tự kho BĐT', 'Mã kho', 'Số thứ tự kho BĐT ưu tiên', 'Mã BĐT Misa', 'Tên kho', 'ID kho tỉnh của điểm bán ', 'ID v3 của bưu điện tỉnh', 'ID v2 của bưu điện tỉnh', 'ID lilog của bưu điện tỉnh', 'Source kho', 'GPS', 'Số điện thoại', 'Địa chỉ', 'Số thứ tự khu vực', 'Mã khu vực', 'Id kho tổng', 'Mã tổng kho xem báo cáo', 'Tên tổng kho xem báo cáo', 'Ghi chú', 'Số thứ tự trạng thái kho', 'Trạng thái kho', 'ID kho đã phân cấp', 'Ngày bắt đầu hiệu lực bản ghi', 'Ngày kết thúc hiệu lực bản ghi', 'Trạng thái bản ghi']","['Surrogate Keys', 'PK', 'Surrogate Keys FK', '', '', '', '', '', '', '', '', '', '', 'Surrogate Keys FK', 'FK', 'Surrogate Keys FK', '', '', '', 'Surrogate Keys FK', 'FK', '', '', '', '']"
D_KHO_BDT_UU_TIEN,Thông tin về kho bưu điện tỉnh VNPost ưu tiên,"['KHO_BDT_UT_ID', 'MA_BDT', 'TEN_BDT', 'UT_BDT_ID', 'MA_PL_BDT_UT', 'NGAY_BD_AP_DUNG', 'NGAY_KT_AP_DUNG', 'START_DATE', 'END_DATE', 'STATUS']","['INTEGER', 'VARCHAR2(50 CHAR)', 'VARCHAR2(250 CHAR)', 'INTEGER', 'VARCHAR2(50 CHAR)', 'DATE', 'DATE', 'DATE', 'DATE', 'BOOLEAN']","['Số thứ tự kho BĐT ưu tiên', 'Mã kho BĐT', 'Tên kho BĐT', 'Số thứ tự bưu điện tỉnh ưu tiên', 'Mã phân loại bưu điện tỉnh ưu tiên', 'Ngày bắt đầu áp dụng', 'Ngày kết thúc áp dụng', 'Ngày bắt đầu hiệu lực bản ghi', 'Ngày kết thúc hiệu lực bản ghi', 'Trạng thái bản ghi']","['Surrogate Keys', 'PK', '', 'Surrogate Keys FK', 'FK', '', '', '', '', '']"
D_KHO_BDH,Thông tin về kho bưu điện huyện VNPost,"['KHO_BDH_ID', 'MA_BDH', 'TEN_BDH', 'ID_KHO_HUYEN', 'ID_BDH_V3', 'ID_BDH_V2', 'ID_BDH_LILOG', 'KHO_BDT_ID', 'MA_BDT', 'NGUON', 'GPS', 'DIEN_THOAI', 'DIA_CHI', 'KV_ID', 'MA_KHU_VUC', 'GHI_CHU', 'TTK_ID', 'MA_TRANG_THAI', 'CONCAT_ID', 'START_DATE', 'END_DATE', 'STATUS']","['INTEGER', 'VARCHAR2(50 CHAR)', 'VARCHAR2(50 CHAR)', 'INTEGER', 'INTEGER', 'INTEGER', 'INTEGER', 'INTEGER', 'VARCHAR2(50 CHAR)', 'VARCHAR2(50 CHAR)', 'VARCHAR2(50 CHAR)', 'VARCHAR2(50 CHAR)', 'VARCHAR2(50 CHAR)', 'INTEGER', 'VARCHAR2(50 CHAR)', 'VARCHAR2(50 CHAR)', 'INTEGER', 'VARCHAR2(50 CHAR)', 'VARCHAR2(50 CHAR)', 'DATE', 'DATE', 'BOOLEAN']","['Số thứ tự kho BĐH', 'Mã kho', 'Tên kho', 'ID kho huyện của điểm bán ', 'ID v3 của bưu điện huyện', 'ID v2 của bưu điện huyện', 'ID lilog của bưu điện huyện', 'Số thứ tự kho BĐT', 'Mã bưu diện tỉnh', 'Source kho', 'GPS', 'Số điện thoại', 'Địa chỉ', 'Số thứ tự khu vực', 'Mã khu vực', 'Ghi chú', 'Số thứ tự trạng thái kho', 'Trạng thái kho', 'ID kho đã phân cấp', 'Ngày bắt đầu hiệu lực bản ghi', 'Ngày kết thúc hiệu lực bản ghi', 'Trạng thái bản ghi']","['Surrogate Keys', 'PK', '', '', '', '', '', 'Surrogate Keys FK', 'FK', '', '', '', '', 'Surrogate Keys FK', 'FK', '', 'Surrogate Keys FK', 'FK', '', '', '', '']"
D_KHO_BDH_UU_TIEN,Thông tin về kho bưu điện huyện VNPost ưu tiên,"['KHO_BDH_UT_ID', 'MA_BDH', 'TEN_BDH', 'GHI_CHU', 'CAP_KHO_ID', 'MA_CAP_KHO', 'UT_BDH_ID', 'MA_PL_BDH_UT', 'NGAY_BD_AP_DUNG', 'NGAY_KT_AP_DUNG', 'START_DATE', 'END_DATE', 'STATUS']","['INTEGER', 'VARCHAR2(50 CHAR)', 'VARCHAR2(250 CHAR)', 'VARCHAR2(50 CHAR)', 'INTEGER', 'VARCHAR2(50 CHAR)', 'INTEGER', 'VARCHAR2(50 CHAR)', 'DATE', 'DATE', 'DATE', 'DATE', 'BOOLEAN']","['Số thứ tự kho BĐT ưu tiên', 'Mã kho', 'Tên kho', 'Ghi chú', 'Số thứ tự cấp kho', 'Mã cấp kho', 'Số thứ tự phân loại bưu điện huyện ưu tiên', 'Mã phân loại bưu điện huyện ưu tiên', 'Ngày bắt đầu áp dụng', 'Ngày kết thúc áp dụng', 'Ngày bắt đầu hiệu lực bản ghi', 'Ngày kết thúc hiệu lực bản ghi', 'Trạng thái bản ghi']","['Surrogate Keys', 'PK', '', '', 'Surrogate Keys FK', 'FK', 'Surrogate Keys FK', 'FK', '', '', '', '', '']"
D_KHO_DB,Thông tin về kho điểm bán VNPost,"['KHO_DB_ID', 'MA_DB', 'TEN_DB', 'LOAI_HINH_DB', 'ID_KHO_DB', 'ID_DB_V3', 'ID_DB_V2', 'ID_DB_LILOG', 'NGUON', 'KHO_BDH_ID', 'MA_BDH', 'GPS', 'DIEN_THOAI', 'DIA_CHI', 'KV_ID', 'MA_KHU_VUC', 'GHI_CHU', 'TTK_ID', 'MA_TRANG_THAI', 'CONCAT_ID', 'START_DATE', 'END_DATE', 'STATUS']","['INTEGER', 'VARCHAR2(50 CHAR)', 'VARCHAR2(50 CHAR)', 'VARCHAR2(50 CHAR)', 'INTEGER', 'INTEGER', 'INTEGER', 'INTEGER', 'VARCHAR2(50 CHAR)', 'INTEGER', 'VARCHAR2(50 CHAR)', 'VARCHAR2(50 CHAR)', 'VARCHAR2(50 CHAR)', 'VARCHAR2(50 CHAR)', 'INTEGER', 'VARCHAR2(50 CHAR)', 'VARCHAR2(50 CHAR)', 'INTEGER', 'VARCHAR2(50 CHAR)', 'VARCHAR2(50 CHAR)', 'DATE', 'DATE', 'BOOLEAN']","['Số thứ tự kho điểm bán', 'Mã kho', 'Tên kho', 'Loại hình điểm bán', 'ID kho của điểm bán ', 'ID v3 của điểm bán', 'ID v2 của điểm bán', 'ID lilog của điểm bán', 'Source kho', 'Số thứ tự kho BĐH', 'Mã bưu điện huyện', 'GPS', 'Số điện thoại', 'Địa chỉ', 'Số thứ tự khu vực', 'Mã khu vực', 'Ghi chú', 'Số thứ tự trạng thái kho', 'Trạng thái kho', 'ID kho đã phân cấp', 'Ngày bắt đầu hiệu lực bản ghi', 'Ngày kết thúc hiệu lực bản ghi', 'Trạng thái bản ghi']","['Surrogate Keys', 'PK', '', '', '', '', '', '', '', 'Surrogate Keys FK', 'FK', '', '', '', 'Surrogate Keys FK', '', '', 'Surrogate Keys FK', 'FK', '', '', '', '']"
D_MAP_KHO_DB,"Thông tin map về kho điểm bán, huyện và tỉnh","['MAP_KHO_ID', 'MA_KENH_BAN', 'TEN_KENH_BAN', 'MA_KHU_VUC', 'MA_CAP_TINH', 'TEN_CAP_TINH', 'MA_CAP_HUYEN', 'TEN_CAP_HUYEN', 'ID_KHO', 'TEN_KHO', 'CAP_KHO', 'NGUON', 'SGK_KHO', 'CONCAT_ID', 'START_DATE', 'END_DATE', 'STATUS']","['INTEGER', 'VARCHAR2(50 CHAR)', 'VARCHAR2(50 CHAR)', 'VARCHAR2(50 CHAR)', 'VARCHAR2(50 CHAR)', 'VARCHAR2(50 CHAR)', 'VARCHAR2(50 CHAR)', 'VARCHAR2(50 CHAR)', 'VARCHAR2(50 CHAR)', 'VARCHAR2(50 CHAR)', 'INTEGER', 'VARCHAR2(50 CHAR)', 'INTEGER', 'VARCHAR2(50 CHAR)', 'DATE', 'DATE', 'BOOLEAN']","['Số thứ tự kho điểm bán', 'Mã kênh bán', 'Tên kênh bán', 'Mã khu vực', 'Mã cấp tỉnh', 'Tên kho cấp tỉnh ', 'Mã cấp huyện', 'Tên kho cấp huyện', 'ID kho ', 'Tên kho', 'Cấp kho', 'Nguồn của kho', 'Số thứ tự kho điểm bán', 'ID kho đã phân cấp', 'Ngày bắt đầu hiệu lực bản ghi', 'Ngày kết thúc hiệu lực bản ghi', 'Trạng thái bản ghi']","['Surrogate Keys', '', '', '', '', '', '', '', '', '', '', '', 'Surrogate Keys FK', '', '', '', '']"
D_MAP_VNPOST_BTCOM ,Thông tin mã huyện (btcom) điểm bán (vnpost) trong chương trình khuyến mãi,"['VNPOST', 'BTCOM', 'ETL_DATE']","['VARCHAR(50 char)', 'VARCHAR(50 char)', 'DATE']","['Mã kho VNPOST', 'Mã kho BTCOM', 'Ngày đẩy dữ liệu']","['', '', '']"
D_DATE,Thông tin ngày tháng năm,"['DATE_KEY', 'DATE_KEY', 'DAY', 'DAY_SUFFIX', 'WEEKDAY', 'WEEKDAY_NAME', 'IS_WEEKEND', 'IS_HOLIDAY', 'HOLIDAY_TEXT', 'DAY_OF_YEAR', 'WEEK_OF_MONTH', 'WEEK_OF_YEAR', 'ISOWEEK_OF_YEAR', 'MONTH', 'MONTH_NAME', 'QUARTER_DATE', 'QUARTER_NAME', 'YEAR', 'MMYYYY', 'MONTH_YEAR', 'FIRST_OF_MONTH', 'LAST_DAY_OF_MONTH', 'FIRST_DAY_OF_QUARTER', 'LAST_DAY_OF_QUARTER', 'FIRST_DAY_OF_YEAR', 'LAST_DAY_OF_YEAR', 'FIRST_DAY_OF_NEXT_MONTH', 'FIRST_DAY_OF_NEXT_YEAR']","['VARCHAR2(8 BYTE)', 'DATE', 'INTEGER', 'VARCHAR2(4 BYTE)', 'VARCHAR2(1 BYTE)', 'VARCHAR2(36 BYTE)', 'INTEGER', 'INTEGER', 'CHAR(4 BYTE)', 'VARCHAR2(3 BYTE)', 'VARCHAR2(1 BYTE)', 'VARCHAR2(2 BYTE)', 'VARCHAR2(2 BYTE)', 'INTEGER', 'VARCHAR2(10 BYTE)', 'VARCHAR2(1 BYTE)', 'VARCHAR2(6 BYTE)', 'INTEGER', 'VARCHAR2(6 BYTE)', 'VARCHAR2(52 BYTE)', 'DATE', 'DATE', 'DATE', 'DATE', 'DATE', 'DATE', 'DATE', 'DATE']","['Khóa ngày', 'Ngày', 'Ngày trong tháng', 'Hậu tố ngày', 'Ngày trong tuần (Số)', 'Tên ngày trong tuần', 'Là cuối tuần hay không (1 nếu đúng, 0 nếu sai)', 'Là ngày lễ hay không (1 nếu đúng, 0 nếu sai)', 'Văn bản mô tả ngày lễ', 'Ngày trong năm', 'Tuần trong tháng', 'Tuần trong năm', 'Tuần trong năm theo chuẩn ISO', 'Tháng', 'Tên tháng', 'Ngày tháng của quý', 'Tên quý', 'Năm', 'Chuỗi tháng và năm (MMYYYY)', 'Chuỗi tháng và năm (Tháng Năm)', 'Ngày đầu tiên của tháng', 'Ngày cuối cùng của tháng', 'Ngày đầu tiên của quý', 'Ngày cuối cùng của quý', 'Ngày đầu tiên của năm', 'Ngày cuối cùng của năm', 'Ngày đầu tiên của tháng tiếp theo', 'Ngày đầu tiên của năm tiếp theo']","['Surrogate Keys', 'PK', '', '', '', '', '', '', '', '', '', '', '', '', '', '', '', '', '', '', '', '', '', '', '', '', '', '']"
D_KPI,Thông tin KPI của các tháng theo BĐT,"['KPI_ID', 'KHO_BDT_ID', 'MA_KHO_TINH', 'KPI', 'THANG', 'NAM', 'ETL_DATE']","['INTEGER', 'INTEGER', 'VARCHAR2(50 Char)', 'INTEGER', 'INTEGER', 'INTEGER', 'DATE']","['ID tự tăng', 'STT kho bưu điện tỉnh', 'Mã kho bưu điện tỉnh', 'STT khu vực ', 'Tháng của KPI', 'Năm của KPI', 'Ngày ETL']","['Surrogate Keys PK', 'Surrogate Keys FK', 'FK', 'Surrogate Keys FK', '', '', '']"
D_KPI,Thông tin KPI của các tháng theo khu vực và BĐT,"['KPI_ID', 'PL_SP_ID', 'MA_PHAN_LOAI_SP', 'KHO_BDT_ID', 'MA_BDT', 'THANG', 'NAM', 'SP_ID', 'MA_SAN_PHAM', 'KPI_BAN_DAU', 'KPI_DIEU_CHINH', 'NGAY_CAP_NHAT_DC']","['INTEGER', 'INTEGER', 'VARCHAR2(50 Char)', 'INTEGER', 'VARCHAR2(50 Char)', 'INTEGER', 'INTEGER', 'INTEGER', 'VARCHAR2(50 Char)', 'INTEGER', 'INTEGER', 'DATE']","['ID tự tăng', 'STT phân loại của sản phẩm', 'Mã phân loại sản phẩm', 'STT kho bưu điện tỉnh', 'Mã kho bưu điện tỉnh', 'Tháng của KPI', 'Năm của KPI', 'STT sản phẩm', 'Mã sản phẩm', 'KPI ban đầu', 'KPI điều chỉnh', 'Ngày cập nhật điều chỉnh']","['Surrogate Keys PK', 'Surrogate Keys FK', 'FK', 'Surrogate Keys FK', 'FK', '', '', 'Surrogate Keys FK', 'FK', '', '', '']"
D_ACTIVITY_PLAN,Thông tin ACTIVITY PLAN,"['ACT_ID', 'MA_CHUONG_TRINH', 'KHO_BDT_ID', 'MA_BDT', 'SP_ID', 'MA_SP', 'HOAT_DONG_CHINH', 'THOI_GIAN_BAT_DAU', 'THOI_GIAN_KET_THUC', 'NGAN_SACH', 'DOANH_SO_DB', 'SO_LUONG_DB', 'TONG_DOANH_SO', 'TONG_DB_ACTIVE', 'NGAY_CAP_NHAT', 'GHI_CHU', 'ETL_DATE', '', '', '']","['INTEGER', 'VARCHAR2(50 Char)', 'INTEGER', 'VARCHAR2(50 Char)', 'INTEGER', 'VARCHAR2(50 Char)', 'VARCHAR2(250 Char)', 'DATE', 'DATE', 'INTEGER', 'INTEGER', 'INTEGER', 'INTEGER', 'INTEGER', 'DATE', 'VARCHAR2(250 Char)', 'DATE', '', '', '']","['ID tự tăng', 'Mã chương trình KM', 'ID bưu điện tỉnh', 'Mã bưu điện tỉnh', 'ID sản phẩm', 'Mã sản phẩm', 'Diễn giải hoạt động', 'Thời gian áp dụng', 'Thời gian kết thúc', 'Ngân sách', 'Doanh số điểm bán', 'Số lượng điểm bán', 'Tổng doanh số', 'Tổng điểm bán active', 'Ngày cập nhật', 'Ghi chú', 'Ngày ETL', '', '', '']","['Surrogate Keys PK', '', 'Surrogate Keys FK', '', 'Surrogate Keys FK', '', '', '', '', '', '', '', '', '', '', '', '', '', '', '']"
D_KPI_SAN_PHAM,Thông tin KPI của các tháng theo sản phẩm,"['KPI_SP_ID', 'PL_SP_ID', 'MA_PHAN_LOAI_SP', 'NSP_ID', 'MA_NHOM_SAN_PHAM', 'THANG', 'NAM', 'KPI', 'NGAY_CAP_NHAT', 'TRANG_THAI', 'ETL_DATE']","['INTEGER', 'INTEGER', 'VARCHAR2(50 Char)', 'INTEGER', 'VARCHAR2(50 Char)', 'INTEGER', 'INTEGER', 'INTEGER', 'DATE', 'VARCHAR2(50 Char)', 'DATE']","['ID tự tăng', 'STT phân loại của sản phẩm', 'Mã phân loại sản phẩm', 'STT nhóm sản phẩm', 'Mã nhóm sản phẩm', 'Tháng của KPI', 'Năm của KPI', 'KPI', 'Ngày cập nhật', 'Trạng thái bản ghi', 'Ngày ETL']","['Surrogate Keys PK', 'Surrogate Keys FK', 'FK', 'Surrogate Keys FK', 'FK', '', '', '', '', '', '']"
FCT_MONEY_TRANSACTION,Thônn tin chung giao dịch thu tiền VNPOST của BTCOM (Chỉ cấp tỉnh),"['MONEY_TRANS_ID', 'MAP_KHO_ID', 'ID_KHO', 'MA_KHO', 'ID_KHO_TONG', 'ID_KHO_TINH', 'MA_KENH_BAN', 'CAP_KHO', 'MA_NCC', 'MA_GIAO_DICH', 'LOAI_GIAO_DICH', 'GIAO_DICH_LQ', 'MA_TRANG_THAI', 'TEN_TRANG_THAI', 'GHI_CHU', 'SL_TIEN_GIAO_DICH', 'NGUON_TAO_PHIEU', 'MA_NHAN_VIEN', 'NGUOI_TAO', 'NGAY_TAO', 'NGAY_THANH_TOAN', 'NGUON', 'ETL_DATE']","['INTEGER', 'INTEGER', 'INTEGER', 'VARCHAR2(50 Char)', 'INTEGER', 'INTEGER', 'VARCHAR2(50 Char)', 'INTEGER', 'NUMBER', 'VARCHAR2(50 Char)', 'VARCHAR2(50 Char)', 'NUMBER', 'NUMBER', 'VARCHAR2(50 Char)', 'VARCHAR2(250 Char)', 'FLOAT64', 'VARCHAR2(50 Char)', 'VARCHAR(50 Char)', 'VARCHAR(50 Char)', 'DATE', 'DATE', 'VARCHAR2(50 Char)', 'DATE']","['ID tự tăng', 'Số thứ tự kho điểm bán', 'ID kho bđt tỉnh', 'Mã kho ', 'ID tổng kho', 'ID kho tỉnh', 'Mã kênh bán', 'Cấp kho', 'Id nhà cung cấp', 'Mã giao dịch', 'Loại giao dich ( Phiếu thu tiền, Phiếu thu tiền điều chuyển)', 'Giao dịch liên quan', 'Mã trạng thái giao dịch', 'Tên trạng thái giao dịch', 'Ghi chú', 'Số lượng tiền giao dịch', 'Nguồn tạo phiếu', 'Mã nhân viên', 'Người tạo', 'Ngày tạo   ', 'Ngày thanh toán', 'Source lấy Invoice', 'Ngày ETL']","['PK', 'Surrogate Keys', '', '', '', '', '', '', '', '', '', '', '', '', '', '', '', '', '', '', '', '', '']"
FCT_INVOICE_DETAILS,"Thông tin chung hoá đơn ( chỉ ở các điểm bán (level = 4) và bưu điện quận huyện (level = 2). Kênh: VNPost (95%), GT (5%)","['INVOICE_DETAIL_ID', 'MA_HOA_DON', 'TEN_KHACH_HANG', 'MA_CUA_HANG_TAO', 'ID_KHO_TONG', 'ID_KHO_TINH', 'ID_KHO_HUYEN', 'ID_KHO_BUU_CUC', 'CAP_KHO', 'ID_KENH_BAN', 'MA_KENH_BAN', 'LOAI_HOA_DON', 'TEN_LOAI_HOA_DON', 'MA_NHAN_VIEN', 'PT_THANH_TOAN', 'MA_TRANG_THAI', 'TEN_TRANG_THAI', 'MA_NCC', 'MA_DON_HANG', 'NGAY_XUAT', 'SO_CHUNG_TU', 'MAP_KHO_ID', 'MA_KHO_BAN', 'ID_KHO_BAN', 'NGAY_TAO', 'TYLE_CK_TINH', 'TYLE_CK_HUYEN', 'TYLE_CK_BC', 'SL_THAY_DOI', 'MA_LOAI_HANG', 'TEN_LOAI_HANG', 'DON_GIA', 'ID_SAN_PHAM', 'MA_SAN_PHAM', 'DT_SAU_CK_TINH', 'DT_SAU_CK_HUYEN', 'DT_SAU_CK_BC', 'SO_LUONG', 'SO_LUONG_UNIT', 'VAT', 'THANH_TIEN', 'TONG_GT_SAU_CK', 'TONG_GT_HD', 'TONG_SL_HD', 'NGUON', 'ETL_DATE']","['INTEGER', 'VARCHAR2(100 Char)', 'VARCHAR2(100 Char)', 'VARCHAR2(50 Char)', 'INTEGER', 'INTEGER', 'INTEGER', 'INTEGER', 'INTEGER', 'VARCHAR2(50 Char)', 'VARCHAR2(50 Char)', 'INTEGER', 'VARCHAR2(50 Char)', 'VARCHAR2(50 Char)', 'VARCHAR2(50 Char)', 'INTEGER', 'VARCHAR2(50 Char)', 'VARCHAR2(50 Char)', 'VARCHAR2(50 Char)', 'DATE', 'VARCHAR2(50 Char)', 'INTEGER', 'VARCHAR2(50 Char)', 'INTEGER', 'DATE', 'FLOAT', 'FLOAT', 'FLOAT', 'INTEGER', 'INTEGER', 'VARCHAR2(50 Char)', 'FLOAT', 'INTEGER', 'VARCHAR2(50 Char)', 'FLOAT', 'FLOAT', 'FLOAT', 'INTEGER', 'FLOAT', 'FLOAT', 'FLOAT', 'FLOAT', 'FLOAT', 'INTEGER', 'VARCHAR2(50 Char)', 'DATE']","['ID tự tăng', 'Mã hóa đơnVNPost ghi nhận', 'Tên khách hàng', 'Mã cửa hàng tạo', 'ID tổng kho', 'ID kho tỉnh', 'ID kho huyện', 'ID kho bưu cục', 'Cấp kho ', 'ID kênh bán', 'Kênh bán', 'Mã loại hoá đơn', 'Tên loại hoá đơn', 'Mã nhân viên', 'Phương thức trả tiền', 'Mã trạng thái hóa đơn', 'Tên trạng thái hoá đơn', 'Mã nhà cung cấp', 'Mã đơn hàng', 'Ngày xuất hoá đơn', 'Số chứng từ xuất kho BTC ghi nhận', 'Số thứ tự kho điểm bán', 'Mã kho hiện tại', 'ID kho bán', 'Thời gian tạo hóa đơn', 'Tỉ lệ chiết khấu tỉnh', 'Tỉ lệ chiết khấu huyện', 'Tỉ lệ chiết khấu bưu cực', 'số lượng thay đổi', 'thể hiện Bán or khuyến mại (1/0)', 'Bán/KM', 'giá cho 1 unit', 'ID sản phẩm', 'mã sản phẩm', 'doanh thu sau khi chiết khấu (tỉnh)', 'doanh thu sau khi chiết khấu (huyện)', 'doanh thu sau khi chiết khấu (Bưu cục)', 'số lượng', 'số lượng theo unit', 'VAT sản phẩm theo kênh bán', 'Số lượng * Đơn giá', 'Tổng giá trị sau chiết khấu', 'Tổng giá trị của 1 hóa đơn', 'Tổng số lượng trong 1 hóa đơn', 'Source lấy Invoice', 'Ngày ETL']","['PK', '', '', '', '', '', '', '', '', '', '', '', '', '', '', '', '', '', '', '', '', 'Surrogate Keys', '', '', '', '', '', '', '', '', '', '', '', '', '', '', '', '', '', '', '', '', '', '', '', '']"
FCT_ORDER_DETAIL,"Thông tin chung các đơn hàng (VNPOST đặt hàng từ BTC, VNPOST điều chuyển kho, BTC điều chuyển kho)","['ORDERS_ID', 'SO_CHUNG_TU', 'LOAI_CHUNG_TU', 'MA_DON_HANG', 'NGAY_TAO', 'NGUOI_TAO', 'MA_TRANG_THAI', 'TEN_TRANG_THAI', 'LICH_TRINH_GH', 'THOI_GIAN_GH_DU_KIEN', 'ID_KENH_BAN', 'MA_KENH_BAN', 'LOAI_TT_HOA_DON', 'NGAY_NHAN_DON_HANG', 'MA_NHAN_VIEN', 'MAP_KHO_ID_NHAP', 'MAP_KHO_ID_XUAT', 'ID_KHO_NHAP', 'MA_KHO_NHAP', 'CAP_KHO_NHAP', 'ID_KHO_TONG_NHAP', 'ID_KHO_TINH_NHAP', 'ID_KHO_HUYEN_NHAP', 'ID_BUU_CUC_AO_NHAP', 'ID_KHO_XUAT', 'MA_KHO_XUAT', 'CAP_KHO_XUAT', 'ID_KHO_TONG_XUAT', 'ID_KHO_TINH_XUAT', 'ID_KHO_HUYEN_XUAT', 'ID_BUU_CUC_AO_XUAT', 'ID_KHO_TAO_DON', 'MA_TT_KHO', 'TEN_TT_KHO', 'ID_NGUOI_BAN', 'TG_XAC_NHAN', 'GIAM_GIA', 'GHI_CHU_1', 'GHI_CHU_2', 'GHI_CHU_3', 'GHI_CHU_PDC', 'NGAY_HIEN_THI', 'NGAY_CAP_NHAT', 'NGAY_CHINH_SUA', 'NGAY_GUI_DON', 'TT_VAN_CHUYEN', 'TONG_SL_1_HOA_DON', 'MA_LOAI_DON_HANG', 'TEN_LOAI_DON_HANG', 'SO_LUONG_NHAP', 'SO_LUONG_HANG', 'SO_LUONG_HANG_DG', 'ID_SAN_PHAM', 'MA_SAN_PHAM', 'GB_VAT_ID', 'DON_GIA', 'KHUYEN_MAI', 'TEN_KH', 'SDT_KH', 'THONG_TIN_KH', 'DIA_CHI_KH', 'GHI_CHU_KH', 'EMAIL_KH', 'TEN_LOAI_HANG', 'MA_LOAI_HANG', 'KICH_THUOC', 'SO_LUONG_CN', 'NGUON', 'ETL_DATE']","['NUMBER', 'VARCHAR2(50 Char)', 'VARCHAR2(50 Char)', 'VARCHAR(50 Char)', 'DATE', 'VARCHAR(50 Char)', 'NUMBER', 'VARCHAR2(50 Char)', 'DATE', 'DATE', 'VARCHAR2(50 Char)', 'VARCHAR2(50 Char)', 'NUMBER', 'DATE', 'VARCHAR2(50 Char)', 'INTEGER', 'INTEGER', 'NUMBER', 'VARCHAR(50 Char)', 'INTEGER', 'NUMBER', 'NUMBER', 'NUMBER', 'NUMBER', 'NUMBER', 'VARCHAR(50 Char)', 'INTEGER', 'NUMBER', 'NUMBER', 'NUMBER', 'NUMBER', 'NUMBER', 'NUMBER', 'VARCHAR(50 Char)', 'NUMBER', 'DATE', 'NUMBER', 'VARCHAR(250 Char)', 'VARCHAR(250 Char)', 'VARCHAR(250 Char)', 'VARCHAR(50 Char)', 'DATE', 'DATE', 'DATE', 'DATE', 'VARCHAR(50 Char)', 'NUMBER', 'NUMBER', 'NUMBER', 'NUMBER', 'NUMBER', 'FLOAT64', 'INTEGER', 'VARCHAR(50 Char)', 'INTEGER', 'FLOAT64', 'VARCHAR(50 Char)', 'VARCHAR(50 Char)', 'NUMBER', 'VARCHAR(250 Char)', 'VARCHAR(250 Char)', 'VARCHAR(250 Char)', 'VARCHAR(50 Char)', 'VARCHAR(50 Char)', 'NUMBER', 'NUMBER(5,2)', 'NUMBER', 'VARCHAR2(50 Char)', 'DATE']","['ID tự tăng', 'Số chứng từ của VNPOST', 'Loại chứng từ của VNPOST (Mua hàng/ nhập kho/xuất kho)', 'Mã order', 'Ngày tạo đơn ', 'Người tạo đơn', 'Mã trạng thái hóa đơn', 'Tên trạng thái hoá đơn', 'Lịch trình giao hàng', 'Thời gian giao hàng dự kiến', 'ID kênh bán', 'Mã kênh bán', 'Loại hóa đơn (1: tạo ra 1 invoice tương ứng các sản phẩm trong order đấy)', 'Thời gian nhận order', 'Mã nhân viên ', 'Số thứ tự kho điểm bán nhập', 'Số thứ tự kho điểm bán xuất', 'ID kho nhập', 'Mã code kho nhập', 'Cấp kho nhập', 'ID tổ tiên của kho nhập (tổng)', 'ID tổ tiên của kho nhập (tỉnh)', 'ID tổ tiên của kho nhập (huyện)', 'ID tổ tiên của kho nhập (bưu cục)', 'ID kho xuất', 'Mã code kho hiện tại', 'Cấp kho xuất', 'ID tổ tiên của kho xuất(tổng)', 'ID tổ tiên của kho xuất (tỉnh)', 'ID tổ tiên của kho xuất (huyện)', 'ID tổ tiên của kho xuất (bưu cục)', 'ID kho tạo order', 'Mã trạng thái kho', 'Tên trạng thái kho', 'ID người bán', 'Thời gian xác nhận', 'Phần trăm giảm giá đơn hàng', 'Ghi chú thông tin phiếu đơn hàng có status (4,6,18)', 'Ghi chú thông tin phiếu đơn hàng có status (3,6,7,8)', 'Ghi chú thông tin phiếu đơn hàng có status (6,18)', 'Có giá trị với các phiếu điều chỉnh, thể hiện liên kết điều chỉnh với hóa đơn cũ nào', 'Ngày của đơn hàng phục vụ việc hiển thị đúng ngày cho phần báo cáo. ', 'Thời gian cập nhật dữ liệu order', 'Ngày chỉnh sửa thông tin order', 'Ngày gửi order từ vnpost sang btcom', 'Thông tin vận chuyển', 'Tổng số lượng trong 1 hóa đơn', 'Mã hóa phân biệt loại đơn order', 'Diễn giải các loại đơn hàng', 'số lượng nhập', 'số lượng', 'Số lượng hàng đóng gói (trên 1 xe, 1 container)', 'ID sản phẩm', 'mã sản phẩm', 'Số thứ tự giá bán VAT', 'Giá', 'Số tiền/ số phần trăm khuyến mãi của sản phẩm', 'Tên khách hàng', 'Số điện thoại', 'thông tin khách hàng', 'Địa chỉ', 'Ghi chú của khách hàng', 'Email của khách hàng', 'Bán/ KM', '1: Bán , 2: Khuyến mại', 'kích thước', 'số lượng chấp nhận', 'Source lấy Invoice', 'Ngày ETL']","['PK', '', '', '', '', '', '', '', '', '', '', '', '', '', '', 'Surrogate Keys', 'Surrogate Keys', '', '', '', '', '', '', '', '', '', '', '', '', '', '', '', '', '', '', '', '', '', '', '', '', '', '', '', '', '', '', '', '', '', '', '', '', '', 'Surrogate Keys FK', '', '', '', '', '', '', '', '', '', '', '', '', '', '']"
FCT_RECEIPT_DETAILS,Thônn tin chung phiếu nhập kho tổng kho,"['RECEIPT_ID', 'HO_TEN', 'TAO_BOI', 'MA_KENH_BAN', 'MA_LOAI_DON_HANG', 'TEN_LOAI_DON_HANG', 'MA_TRANG_THAI', 'TEN_TRANG_THAI', 'MA_KHO_DICH', 'MAP_KHO_ID', 'ID_KHO_DICH', 'GHI_CHU', 'MA_NCC', 'MA_HOA_DON_KHO', 'NGAY_TAO', 'ID_SAN_PHAM', 'MA_SAN_PHAM', 'SL_DON_VI_MIN', 'MA_LOAI_HANG', 'DON_GIA', 'SO_LUONG', 'NGUON', 'ETL_DATE']","['VARCHAR2(50 Char)', 'VARCHAR2(50 Char)', 'VARCHAR2(50 Char)', 'VARCHAR2(50 Char)', 'NUMBER', 'VARCHAR2(50 Char)', 'NUMBER', 'VARCHAR2(50 Char)', 'VARCHAR2(50 Char)', 'INTEGER', 'NUMBER', 'VARCHAR2(250 Char)', 'NUMBER', 'VARCHAR2(50 Char)', 'DATE', 'INTEGER', 'VARCHAR2(50 Char)', 'FLOAT64', 'FLOAT64', 'FLOAT64', 'NUMBER', 'VARCHAR2(50 Char)', 'DATE']","['ID tự tăng', 'tên người', 'Người tạo', 'Kênh bán', 'Mã hóa phân biệt loại biên lai', 'Diễn giải các loại biên lai', 'Mã trạng thái biên lai', 'Tên trạng thái biên lai', 'mã kho đích', 'Số thứ tự kho điểm bán', 'ID kho đich', 'ghi chú', 'mã vendor', 'Mã hóa đơn kho', 'Ngày tạo biên lai', 'ID sản phẩm', 'mã sản phẩm', 'số lượng đơn vị nhỏ nhất', '1 or 2 ( bán or KM)', 'Giá', 'số lượng  ', 'Source lấy Invoice', 'Ngày ETL']","['PK', '', '', '', '', '', '', '', '', 'Surrogate Keys', '', '', '', '', '', '', '', '', '', '', '', '', '']"
FCT_VNPOSTLOGS_DETAIL,Thông tin phiếu giao dịch được VNPOST trả về,"['VNPOSTLOGS_ID', 'SO_CHUNG_TU', 'SO_CHUNG_TU_CT', 'LOAI_CHUNG_TU', 'NGAY_TAO', 'NGAY_TAO_CON', 'TAO_BOI', 'NGAY_CAP_NHAT', 'ISSUE_DATE', 'TEN_FILE', 'LY_DO', 'THONG_TIN_KHO', 'MA_KENH_BAN', 'CAP_KHO_XUAT', 'ID_KHO_XUAT', 'MA_KHO_XUAT', 'MA_KHO_XUAT_1', 'ID_KHO_TONG_XUAT', 'ID_KHO_TINH_XUAT', 'ID_KHO_HUYEN_XUAT', 'ID_KHO_DIEM_BAN_XUAT', 'MAP_KHO_ID_NHAP', 'MAP_KHO_ID_XUAT', 'MA_KHO', 'CAP_KHO_NHAP', 'ID_KHO_NHAP', 'MA_KHO_NHAP', 'ID_KHO_TONG_NHAP', 'ID_KHO_TINH_NHAP', 'ID_KHO_HUYEN_NHAP', 'ID_KHO_DIEM_BAN_NHAP', 'NGAY_XUAT', 'TRANG_THAI_NHAP', 'MA_DON_HANG', 'MA_LOAI_DON_HANG', 'TEN_LOAI_DON_HANG', 'ID_NGUOI_BAN', 'NGAY_DON_HANG', 'THOI_GIAN_XAC_NHAN', 'NGAY_NHAN', 'MA_TT_DON_HANG', 'TEN_TT_DON_HANG', 'MA_TT_KHO', 'TEN_TT_KHO', 'MA_LOAI_GIAO_DICH', 'TEN_LOAI_GIAO_DICH', 'TRANG_THAI', 'MA_DOI_TAC_KD', 'TEN_KH', 'GHI_CHU_KH', 'POID', 'ID_SAN_PHAM', 'MA_SAN_PHAM', 'MA_LOAI_HANG_SP', 'TEN_LOAI_HANG', 'MA_DON_VI', 'SOID', 'SL_HANG', 'GIA', 'SO_LUONG', 'SL_CHAP_NHAN', 'KICH_THUOC', 'NGUON', 'ETL_DATE']","['INTEGER', 'VARCHAR2(50 Char)', 'VARCHAR2(50 Char)', 'VARCHAR2(50 Char)', 'DATE', 'DATE', 'VARCHAR2(50 Char)', 'DATE', 'DATE', 'VARCHAR2(50 Char)', 'VARCHAR2(50 Char)', 'VARCHAR2(50 Char)', 'VARCHAR2(50 Char)', 'INTEGER', 'NUMBER', 'VARCHAR2(50 Char)', 'VARCHAR2(50 Char)', 'NUMBER', 'NUMBER', 'NUMBER', 'NUMBER', 'INTEGER', 'INTEGER', 'VARCHAR2(50 Char)', 'INTEGER', 'NUMBER', 'VARCHAR2(50 Char)', 'NUMBER', 'NUMBER', 'NUMBER', 'NUMBER', 'DATE', 'VARCHAR2(50 Char)', 'VARCHAR2(50 Char)', 'NUMBER', 'VARCHAR2(50 Char)', 'NUMBER', 'DATE', 'DATE', 'DATE', 'INTEGER', 'VARCHAR2(50 Char)', 'NUMBER', 'VARCHAR2(50 Char)', 'VARCHAR2(50 Char)', 'VARCHAR2(250 Char)', 'VARCHAR2(50 Char)', 'VARCHAR2(50 Char)', 'VARCHAR2(50 Char)', 'VARCHAR2(250 Char)', 'VARCHAR2(50 Char)', 'INTEGER', 'VARCHAR2(50 Char)', 'NUMBER', 'VARCHAR2(50 Char)', 'VARCHAR2(50 Char)', 'VARCHAR2(50 Char)', 'FLOAT64', 'FLOAT64', 'NUMBER', 'FLOAT64', 'FLOAT64', 'VARCHAR2(50 Char)', 'DATE']","['ID tự tăng', 'số chứng từ', 'số chứng từ chi tiết', 'loại chứng từ', 'ngày tạo', 'ngày tạo con', 'tạo bởi', 'Ngày update', 'giống created_on nhưng tùy trường hợp loaigd mới xét issue_date', 'tên file', 'lý do', 'thông tin kho', 'Kênh bán', 'Cấp kho xuất', 'Id của kho hiện tại', 'Mã code kho hiện tại', 'Mã kho xuất', 'ID kho cấp trên của kho nguồn (tổng xuất)', 'ID kho cấp trên của kho nguồn (tỉnh xuất)', 'ID kho cấp trên của kho nguồn (huyện xuất)', 'ID kho cấp trên của kho nguồn (điểm bán xuất)', 'Số thứ tự kho điểm bán nhập', 'Số thứ tự kho điểm bán xuất', 'Mã kho VNPOST', 'Cấp kho nhập', 'Id của kho nhập', 'Mã kho nhập', 'ID kho cấp trên của kho đích (tổng nhập)', 'ID kho cấp trên của kho đích (tỉnh nhập)', 'ID kho cấp trên của kho đích (huyện nhập)', 'ID kho cấp trên của kho đích (điểm bán nhập)', 'Ngày xuất', 'trạng thái', 'mã đơn hàng', 'chỉ có trong nhập kho của vnpostlogs, xuất kho và mua hàng ko có', '* chỉ có trong nhập kho của vnpostlogs, xuất kho và mua hàng ko có', 'ID người bán', 'ngày order', 'Thời gian xác nhận', 'ngày nhận', 'Mã trạng thái đơn hàng, phiếu xuất', 'Tên trạng thái đơn hàng, phiếu xuất', 'Mã trạng thái kho', 'Tên trạng thái kho', 'Mã loại giao dịch', 'Tên loại giao dịch', 'trạng thái', 'mã đối tác kinh doanh', 'Tên khách hàng', 'Ghi chú của khách hàng', 'Mã đơn mua hàng của phiếu nhập kho', 'ID sản phẩm', 'Nga', '1 : Bán 2: KM', 'Bán/KM', 'Mã đơn vị', '?', 'số lượng hàng tính theo unit', 'Đơn giá ', 'số lượng', 'Số lượng chấp nhận', 'kích thước', 'Source lấy Invoice', 'Ngày ETL']","['PK', '', '', '', '', '', '', '', '', '', '', '', '', '', '', '', '', '', '', '', '', 'Surrogate Keys', 'Surrogate Keys', '', '', '', '', '', '', '', '', '', '', '', '', '', '', '', '', '', '', '', '', '', '', '', '', '', '', '', '', '', '', '', '', '', '', '', '', '', '', '', '', '']"
FCT_DOANH_THU_DTCT,Thông tin doanh thu đối thủ cạnh tranh,"['COMPETITOR_ID', 'CONCAT_ID', 'MA_KHO_DB', 'SP_ID', 'MA_HANG', 'SO_LUONG', 'DON_GIA', 'DT_CO_VAT', 'THANG', 'NAM', 'ETL_DATE']","['INTEGER', 'VARCHAR2(50 CHAR)', 'VARCHAR2(50 Char)', 'INTEGER', 'VARCHAR2(50 Char)', 'INTEGER', 'INTEGER', 'FLOAT', 'INTEGER', 'INTEGER', 'DATE']","['ID tự tăng', 'ID kho đã phân cấp', 'Mã kho điểm bán', 'STT sản phẩm', 'Mã hàng', 'Số lượng', 'Đơn giá bán', 'Doanh thu đã bao gồm VAT', 'Tháng ', 'Năm', 'Ngày ETL']","['PK', '', '', 'Surrogate Keys FK', '', '', '', '', '', '', '']"
FCT_DOANH_THU_PRS,Thông tin doanh thu từ phần mềm VNPOST,"['PRS_ID', 'KHO_DB_ID', 'MA_DON_VI', 'NGAY_CHUYEN_HANG', 'THANG_CHUYEN_HANG', 'NAM_CHUYEN_HANG', 'SP_ID', 'MA_SP_NCC', 'SO_LUONG', 'ETL_HOUR', 'ETL_DATE']","['INTEGER', 'INTEGER', 'VARCHAR2(50 Char)', 'INTEGER', 'INTEGER', 'INTEGER', 'INTEGER', 'VARCHAR2(50 Char)', 'INTEGER', 'INTEGER', 'DATE']","['ID tự tăng', 'Số thứ tự kho điểm bán', 'Mã đơn vị ', 'Ngày chuyển hàng', 'Tháng chuyển hàng', 'Năm chuyển hàng', 'STT sản phẩm', 'Mã sản phẩm nhà cung cấp', 'Số lượng giao dịch', 'Giờ ETL', 'Ngày ETL']","['PK', 'Surrogate Keys FK', '', '', '', '', 'Surrogate Keys FK', '', '', '', '']"
FCT_PC_PLAN,Thông tin số lượng đặt hàng theo kế hoạch 3 tháng cho hàng Nội,"['PC_PLAN_ID', 'TEN_PHIEU', 'NGAY_TAO_PHIEU', 'TG_TAO_PHIEU', 'TG_CAP_NHAT', 'ID_DON_HANG', 'TT_DON_HANG', 'KHO_BDT_ID', 'MA_BDT', 'CHU_KY', 'CHU_KY_THANG', 'MA_LOAI_HANG', 'TEN_LOAI_HANG', 'SP_ID', 'MA_SAN_PHAM', 'MA_SAN_PHAM', 'TON_KHO_THUC_THANG_TRUOC', 'XUAT_BAN_THANG_TRUOC', 'SO_LUONG_DH_1_10_T', 'SO_LUONG_DH_10_21_T', 'SO_LUONG_DH_21_END_T', 'DU_KIEN_SO_BH_THANG_T', 'SO_LUONG_DH_1_10_T_1', 'SO_LUONG_DH_10_21_T_1', 'SO_LUONG_DH_21_END_T_1', 'DU_KIEN_SO_BH_THANG_1', 'SO_LUONG_DH_1_10_T_2', 'SO_LUONG_DH_10_21_T_2', 'SO_LUONG_DH_21_END_T_2', 'DU_KIEN_SO_BH_THANG_2', 'THANG', 'NAM', 'NGUON', 'ETL_DATE']","['INTEGER', 'VARCHAR2(50 Char)', 'DATE', 'DATE', 'DATE', 'VARCHAR2(50 Char)', 'INTEGER', 'INTEGER', 'VARCHAR2(50 Char)', 'INTEGER', 'INTEGER', 'INTEGER', 'VARCHAR2(50 Char)', 'INTEGER', 'VARCHAR2(50 Char)', 'VARCHAR2(50 Char)', 'INTEGER', 'INTEGER', 'INTEGER', 'INTEGER', 'INTEGER', 'INTEGER', 'INTEGER', 'INTEGER', 'INTEGER', 'INTEGER', 'INTEGER', 'INTEGER', 'INTEGER', 'INTEGER', 'INTEGER', 'INTEGER', 'VARCHAR2(50 Char)', 'DATE']","['ID tự tăng', 'Tên phiếu', 'Ngày tạo phiếu', 'Thời gian tạo phiếu', 'Thời gian cập nhật phiếu', 'ID của đơn hàng', 'Trạng thái đơn hàng', 'Số thứ tự kho BĐT', 'Mã bưu điện tỉnh', 'Chu kỳ', 'Chu kỳ tháng', 'Mã loại hàng', 'Tên loại hàng', 'Số thứ tự của sản phẩm', 'Mã sản phẩm', 'Mã sản phẩm', 'Tồn kho thực của tháng trước', 'Xuất bán tháng trước', 'Số lượng  đặt hàng từ 1-10 tháng báo cáo', 'Số Lượng đặt hàng từ 10-21 tháng báo cáo', 'Số Lượng đặt hàng từ 21-cuối tháng tháng báo cáo', 'Dự kiến số tháng bán hàng tháng báo cáo', 'Số lượng  đặt hàng từ 1-10 tháng báo cáo +1', 'Số Lượng đặt hàng từ 10-21 tháng báo cáo +1', 'Số Lượng đặt hàng từ 21-cuối tháng tháng báo cáo +1', 'Dự kiến số tháng bán hàng tháng báo cáo +1', 'Số lượng  đặt hàng từ 1-10 tháng báo cáo +2', 'Số Lượng đặt hàng từ 10-21 tháng báo cáo +2', 'Số Lượng đặt hàng từ 21-cuối tháng tháng báo cáo +2', 'Dự kiến số tháng bán hàng tháng báo cáo +2', 'Tháng báo cáo', 'Năm báo cáo', 'Source lấy ', 'Ngày ETL']","['PK', '', '', '', '', '', '', 'Surrogate Keys FK', '', '', '', '', '', '', '', '', '', '', '', '', '', '', '', '', '', '', '', '', '', '', '', '', '', '']"
FCT_PC_PLAN,Thông tin số lượng đặt hàng theo kế hoạch 5 tháng cho hàng xuất khẩu,"['PC_PLAN_ID', 'TEN_PHIEU', 'NGAY_TAO_PHIEU', 'TG_TAO_PHIEU', 'TG_CAP_NHAT', 'ID_DON_HANG', 'TT_DON_HANG', 'KHO_BDT_ID', 'MA_BDT', 'CHU_KY', 'CHU_KY_THANG', 'MA_LOAI_HANG', 'TEN_LOAI_HANG', 'SP_ID', 'MA_SAN_PHAM', 'MA_SAN_PHAM', 'TON_KHO_THUC_THANG_TRUOC', 'XUAT_BAN_THANG_TRUOC', 'SO_LUONG_DH_T', 'DU_KIEN_SO_BH_THANG_T', 'SO_LUONG_DH_T_1', 'DU_KIEN_SO_BH_THANG_T_1', 'SO_LUONG_DH_T_2', 'DU_KIEN_SO_BH_THANG_T_2', 'SO_LUONG_DH_T_3', 'DU_KIEN_SO_BH_THANG_T_3', 'SO_LUONG_DH_T_4', 'DU_KIEN_SO_BH_THANG_T_4', 'THANG', 'NAM', 'NGUON', 'ETL_DATE']","['INTEGER', 'VARCHAR2(50 Char)', 'DATE', 'DATE', 'DATE', 'VARCHAR2(50 Char)', 'INTEGER', 'INTEGER', 'VARCHAR2(50 Char)', 'INTEGER', 'INTEGER', 'INTEGER', 'VARCHAR2(50 Char)', 'INTEGER', 'VARCHAR2(50 Char)', 'VARCHAR2(50 Char)', 'INTEGER', 'INTEGER', 'INTEGER', 'INTEGER', 'INTEGER', 'INTEGER', 'INTEGER', 'INTEGER', 'INTEGER', 'INTEGER', 'INTEGER', 'INTEGER', 'INTEGER', 'INTEGER', 'VARCHAR2(50 Char)', 'DATE']","['ID tự tăng', 'Tên phiếu', 'Ngày tạo phiếu', 'Thời gian tạo phiếu', 'Thời gian cập nhật phiếu', 'ID của đơn hàng', 'Trạng thái đơn hàng', 'Số thứ tự kho BĐT', 'Mã bưu điện tỉnh', 'Chu kỳ', 'Chu kỳ tháng', 'Mã loại hàng', 'Tên loại hàng', 'Số thứ tự của sản phẩm', 'Mã sản phẩm', 'Mã sản phẩm', 'Tồn kho thực của tháng trước', 'Xuất bán tháng trước', 'Số Lượng đặt hàng từ tháng báo cáo', 'Dự kiến số tháng bán hàng tháng báo cáo', 'Số Lượng đặt hàng từ tháng báo cáo +1', 'Dự kiến số tháng bán hàng tháng báo cáo +1', 'Số Lượng đặt hàng từ tháng báo cáo +2', 'Dự kiến số tháng bán hàng tháng báo cáo +2', 'Số Lượng đặt hàng từ tháng báo cáo +3', 'Dự kiến số tháng bán hàng tháng báo cáo +3', 'Số Lượng đặt hàng từ tháng báo cáo +4', 'Dự kiến số tháng bán hàng tháng báo cáo +4', 'Tháng báo cáo', 'Năm báo cáo', 'Source lấy ', 'Ngày ETL']","['PK', '', '', '', '', '', '', 'Surrogate Keys FK', '', '', '', '', '', '', '', '', '', '', '', '', '', '', '', '', '', '', '', '', '', '', '', '']"
FCT_INVOICE_DETAIL_CUOI_THANG,"Thông tin chung hoá đơn ( chỉ ở các điểm bán (level = 4) và bưu điện quận huyện (level = 2). Kênh: VNPost (95%), GT (5%)","['INVOICE_DETAIL_ID', 'MA_HOA_DON', 'CAP_KHO', 'ID_KENH_BAN', 'MA_KENH_BAN', 'LOAI_HOA_DON', 'TEN_LOAI_HOA_DON', 'MA_NHAN_VIEN', 'PT_THANH_TOAN', 'MA_TRANG_THAI', 'TEN_TRANG_THAI', 'MA_NCC', 'MA_DON_HANG', 'NGAY_XUAT', 'SO_CHUNG_TU', 'MAP_KHO_ID', 'ID_KHO_BAN', 'NGAY_TAO', 'TYLE_CK_TINH', 'SL_THAY_DOI', 'MA_LOAI_HANG', 'TEN_LOAI_HANG', 'DON_GIA', 'ID_SAN_PHAM', 'MA_SAN_PHAM', 'DT_SAU_CK_TINH', 'SO_LUONG', 'SO_LUONG_UNIT', 'VAT', 'THANH_TIEN', 'TONG_GT_SAU_CK', 'NGUON', 'ETL_DATE']","['INTEGER', 'VARCHAR2(100 Char)', 'INTEGER', 'INTEGER', 'VARCHAR2(50 Char)', 'INTEGER', 'VARCHAR2(50 Char)', 'VARCHAR2(50 Char)', 'VARCHAR2(50 Char)', 'INTEGER', 'VARCHAR2(50 Char)', 'VARCHAR2(50 Char)', 'VARCHAR2(50 Char)', 'DATE', 'VARCHAR2(50 Char)', 'INTEGER', 'INTEGER', 'DATE', 'FLOAT', 'INTEGER', 'INTEGER', 'VARCHAR2(50 Char)', 'FLOAT', 'INTEGER', 'VARCHAR2(50 Char)', 'FLOAT', 'INTEGER', 'FLOAT', 'FLOAT', 'FLOAT', 'FLOAT', 'VARCHAR2(50 Char)', 'DATE']","['ID tự tăng', 'Mã hóa đơnVNPost ghi nhận', 'Cấp kho ', 'ID kênh bán', 'Kênh bán', 'Mã loại hoá đơn', 'Tên loại hoá đơn', 'Mã nhân viên', 'Phương thức trả tiền', 'Mã trạng thái hóa đơn', 'Tên trạng thái hoá đơn', 'Mã nhà cung cấp', 'Mã đơn hàng', 'Ngày xuất hoá đơn', 'Số chứng từ xuất kho BTC ghi nhận', 'Số thứ tự kho điểm bán', 'ID kho bán', 'Thời gian tạo hóa đơn', 'Tỉ lệ chiết khấu tỉnh', 'số lượng thay đổi', 'thể hiện Bán or khuyến mại (1/0)', 'Bán/KM', 'giá cho 1 unit', 'ID sản phẩm', 'mã sản phẩm', 'doanh thu sau khi chiết khấu (tỉnh)', 'số lượng', 'số lượng theo unit', 'VAT sản phẩm theo kênh bán', 'Số lượng * Đơn giá', 'Tổng giá trị sau chiết khấu', 'Source lấy Invoice', 'Ngày ETL']","['PK', '', '', '', '', '', '', '', '', '', '', '', '', '', '', 'Surrogate Keys', '', '', '', '', '', '', '', '', '', '', '', '', '', '', '', '', '']"
FCT_LIABILITY_DETAILS,Thông tin công nợ (nguồn lilog),"['LIABILITY_ID', 'ID_PHIEU', 'NGAY_CHUNG_TU', 'SP_ID', 'MA_SAN_PHAM', 'SO_LUONG', 'GIA', 'KHUYEN_MAI', 'VAT', 'MA_DON_VI_DG', 'ID_DON_HANG_CT', 'ETL_DATE']","['INTEGER', 'VARCHAR2(50 Char)', 'DATE', 'INTEGER', 'VARCHAR2(50 Char)', 'INTEGER', 'FLOAT', 'FLOAT', 'INTEGER', 'VARCHAR2(50 Char)', 'VARCHAR2(50 Char)', 'DATE']","['ID tự tăng', 'ID phiếu', 'Ngày chứng từ', 'ID sản phẩm', 'Mã sản phẩm', 'Số lượng', 'Giá', 'Khuyến mãi', 'Thuế VAT ', 'Mã đơn vị đóng gói', 'Id đơn hàng', 'Ngày ETL']","['PK', '', '', '', '', '', '', '', '', '', '', '']"
FCT_INVENTORY_DETAILS,Thông tin xuất nhập kho (nguồn lilog),"['INVENTORY_ID', 'ID_XNK', 'MA_XUAT_NHAP_KHO', 'MA_TRANG_THAI_XNK', 'TEN_TRANG_THAI_XNK', 'SP_ID', 'MA_SAN_PHAM', 'GIA', 'SO_LUONG', 'SO_LUONG_DU_KIEN', 'SO_LUONG_XAC_NHAN', 'SO_LUONG_TRONG_KHO', 'HAN_SU_DUNG', 'VI_TRI_KHO', 'ID_DON_HANG_CT', 'ETL_DATE']","['INTEGER', 'INTEGER', 'VARCHAR2(50 Char)', 'INTEGER', 'VARCHAR2(50 Char)', 'INTEGER', 'VARCHAR2(50 Char)', 'FLOAT', 'FLOAT', 'FLOAT', 'FLOAT', 'FLOAT', 'DATE', 'VARCHAR2(250 Char)', 'INTEGER', 'DATE']","['ID tự tăng', 'ID xuất nhập kho', 'Mã xuất nhập kho', 'Mã trạng thái xuất nhập kho', 'Tên trạng thái xuất nhập kho', 'ID sản phẩm', 'Mã sản phẩm', 'Giá bán', 'Số lượng', 'Số lượng dự kiến', 'Số lượng xác nhận', 'Số lượng hàng còn trong kho', 'Hạn sử dụng', 'Vị trí của kho', 'ID đơn hàng chi tiết', 'Ngày ETL']","['PK', '', '', '', '', '', '', '', '', '', '', '', '', '', '', '']"
FCT_SALE_ORDER_DETAILS,Thông tin đơn hàng bán (nguồn lilog),"['SALE_ORDER_ID', 'ID_DON_HANG', 'ID_KHACH_HANG', 'MA_TRANG_THAI_DON', 'TEN_TRANG_THAI_DON', 'ID_CHU_HANG', 'ID_NGUOI_PHU_TRACH', 'ID_CHI_TIET_DON', 'SP_ID', 'MA_SAN_PHAM', 'MA_VU_VIEC', 'ID_DON_TRA', 'MA_DON_TRA_LAI', 'GIA_TRI_TRA_LAI', 'MA_TRANG_THAI_TRA_LAI', 'TEN_TRANG_THAI_TRA_LAI', 'KHUYEN_MAI_HANG_TRA', 'NGAY_TRA_HANG', 'SP_ID', 'MA_SAN_PHAM', 'SO_LUONG', 'SO_LUONG_HANG_TRA', 'GIA', 'KHUYEN_MAI', 'PT_KHUYEN_MAI', 'ID_DON_VI_DG', 'INV_LINE_ID', 'MA_PHI_TRA_HANG', 'TEN_PHI_TRA_HANG', 'MUC_PHI', 'ETL_DATE']","['INTEGER', 'INTEGER', 'INTEGER', 'INTEGER', 'VARCHAR2(50 Char)', 'INTEGER', 'INTEGER', 'INTEGER', 'INTEGER', 'VARCHAR2(50 Char)', 'VARCHAR2(50 Char)', 'INTEGER', 'VARCHAR2(50 Char)', 'FLOAT', 'INTEGER', 'VARCHAR2(50 Char)', 'FLOAT', 'DATE', 'INTEGER', 'VARCHAR2(50 Char)', 'INTEGER', 'INTEGER', 'FLOAT', 'FLOAT', 'FLOAT', 'INTEGER', 'INTEGER', 'VARCHAR2(50 Char)', 'VARCHAR2(250 Char)', 'FLOAT', 'DATE']","['ID tự tăng', 'ID đơn hàng', 'ID khách hàng ', 'Mã trạng thái đơn hàng', 'Tên trạng thái đơn hàng', 'ID chủ hàng bán', 'ID người phụ trách bán', 'ID chi tiết đơn hàng', 'ID sản phẩm', 'Mã sản phẩm', 'Mã vụ việc', 'ID đơn hàng trả lại', 'Mã đơn hàng trả lại', 'Giá trị đơn hàng trả lại', 'Mã trạng thái đơn hàng trả lại', 'Tên trạng thái đơn hàng trả lại', 'Khuyến mãi cho đơn hàng trả lại', 'Ngày trả lại hàng', 'ID sản phẩm trả lại', 'Mã sản phẩm trả lại', 'Số lượng hàng mua', 'Số lượng hàng hoàn trả', 'Giá sản phẩm', 'Khuyến mãi cho đơn hàng', 'Phần trăm khuyến mãi cho đơn hàng', 'ID đơn vị đóng gói ', 'ID chi tiết xuất nhập kho', 'Mã phí thu/hỗ trợ trả hàng', 'Tên phí thu/hỗ trợ trả hàng', 'Mức phí thu/hỗ trợ', 'Ngày ETL']","['PK', '', '', '', '', '', '', '', '', '', '', '', '', '', '', '', '', '', '', '', '', '', '', '', '', '', '', '', '', '', '']"
D_SAN_PHAM,Thông tin chi tiết sản phẩm bản lẻ và combo,"['SP_ID', 'MA_SAN_PHAM', 'TEN_SAN_PHAM', 'MA_SP_KE_TOAN', 'TEN_SP_KE_TOAN', 'COMBO', 'PHAN_LOAI_COMBO', 'SP_CLEAR', 'LH_SP_ID', 'MA_LOAI_HANG', 'TT_SP_ID', 'MA_TRANG_THAI', 'PL_NH_ID', 'MA_PL_NGANH_HANG', 'NSP_ID', 'MA_NHOM_SAN_PHAM', 'BIEN_THE', 'FLAVOR_ID', 'MA_FLAVOR', 'TH_ID', 'MA_THUONG_HIEU', 'DVL_ID', 'MA_DVL', 'CO_DONG_GOI', 'TRONG_LUONG_QUY_DOI', 'DVT_ID', 'MA_DVT', 'PACKSIZE_ID', 'MA_PACKSIZE', 'DVC_ID', 'MA_DVC', 'QUY_CACH_DONG_GOI', 'TONG_TRONG_LUONG', 'HTDG_ID', 'MA_HINH_THUC_DONG_GOI', 'NGSP_ID', 'MA_NGUON_GOC_SAN_PHAM', 'BARCODE_SAN_PHAM', 'BARCODE_THUNG', 'NCC_SP_ID', 'MA_NCC_SAN_PHAM', 'NCC_KENH_ID', 'MA_NCC_VAO_KENH', 'NHA_SAN_XUAT', 'MH_MUA_ID', 'MA_MO_HINH_MUA', 'NGON_NGU_SAN_PHAM', 'HAN_SU_DUNG', 'START_DATE', 'END_DATE', 'STATUS']","['INTEGER', 'VARCHAR2(50 Char)', 'VARCHAR2(250 Char)', 'VARCHAR2(50 Char)', 'VARCHAR2(250 Char)', 'BOOLEAN', 'VARCHAR2(50 Char)', 'BOOLEAN', 'INTEGER', 'VARCHAR2(50 Char)', 'INTEGER', 'VARCHAR2(50 Char)', 'INTEGER', 'VARCHAR2(50 Char)', 'INTEGER', 'VARCHAR2(50 Char)', 'VARCHAR2(50 Char)', 'INTEGER', 'VARCHAR2(50 Char)', 'INTEGER', 'VARCHAR2(50 Char)', 'INTEGER', 'VARCHAR2(50 Char)', 'VARCHAR2(50 Char)', 'FLOAT', 'INTEGER', 'VARCHAR2(50 Char)', 'INTEGER', 'VARCHAR2(50 Char)', 'INTEGER', 'VARCHAR2(50 Char)', 'VARCHAR2(50 Char)', 'FLOAT', 'INTEGER', 'VARCHAR2(50 Char)', 'INTEGER', 'VARCHAR2(50 Char)', 'VARCHAR2(50 Char)', 'VARCHAR2(50 Char)', 'INTEGER', 'VARCHAR2(50 Char)', 'INTEGER', 'VARCHAR2(50 Char)', 'VARCHAR2(50 Char)', 'INTEGER', 'VARCHAR2(50 Char)', 'VARCHAR2(50 Char)', 'VARCHAR2(50 Char)', 'DATE', 'DATE', 'BOOLEAN']","['STT sản phẩm', 'Mã sản phẩm', 'Tên sản phẩm', 'Code sản phẩm trên hệ thống kế toán', 'Tên sản phẩm trên hệ thống kế toán', 'Sản phẩm Combo/Lẻ', 'Phân loại combo', 'Là/Không là sản phẩm clear (tồn lâu, khó bán)', 'STT loại hàng Bán/KM', 'Mã loại hàng Bán/KM', 'STT trạng thái', 'Mã trạng thái', 'STT phân loại ngành hàng', 'Mã phân loại ngành hàng', 'STT nhóm sản phẩm', 'Mã nhóm sản phẩm', 'Biến thể', 'STT Flavor', 'Mã flavor', 'STT thương hiệu', 'Mã thương hiệu', 'STT đơn vị đóng gói lẻ', 'Mã ĐVL', 'Cỡ đóng gói', 'Trọng lượng quy đổi', 'STT đơn vị tính', 'Mã ĐVT', 'STT packsize', 'Mã đơn vị đóng gói (Khoảng/Khối lượng đóng gói)', 'STT đơn vị đóng gói chẵn', 'Mã ĐVC', 'Qui cách đóng gói', 'Tổng trọng lượng (kg)', 'STT hình thức đóng gói', 'Mã hình thức đóng gói', 'STT nguồn gốc sản phẩm', 'Mã nguồn gốc sản phẩm', 'Barcode sản phẩm', 'Barcode thùng', 'STT nhà cung cấp sản phẩm', 'Mã nhà cung cấp sản phẩm', 'STT nhà cung cấp vào kênh', 'Mã nhà cung cấp vào kênh', 'Nhà sản xuất', 'STT mô hình mua', 'Mã mô hình mua', 'Ngôn ngữ sản phẩm', 'Hạn sử dụng (tháng)', 'Ngày bắt đầu hiệu lực bản ghi', 'Ngày kết thúc hiệu lực bản ghi', 'Trạng thái bản ghi']","['Surrogate Keys', 'PK', '', '', '', '', '', '', 'Surrogate Keys FK', 'FK', 'Surrogate Keys FK', 'FK', 'Surrogate Keys FK', 'FK', 'Surrogate Keys FK', 'FK', '', 'Surrogate Keys FK', 'FK', 'Surrogate Keys FK', 'FK', 'Surrogate Keys FK', 'FK', '', '', 'Surrogate Keys FK', 'FK', 'Surrogate Keys FK', 'FK', 'Surrogate Keys FK', 'FK', '', '', 'Surrogate Keys FK', 'FK', 'Surrogate Keys FK', 'FK', '', '', 'Surrogate Keys FK', 'FK', 'Surrogate Keys FK', 'FK', '', 'Surrogate Keys FK', 'FK', '', '', '', '', '']"
